#include "bram.h"


u32 fdemod_sin_array[] = {
	0x00000, 0x0D826, 0x0E7A3, 0x02016, 0x13AC0, 0x10C88, 0x1C056, 0x0AF3E, 0x0FB77, 0x05E3D, 0x16987, 0x10081, 0x184AC, 0x07B54, 0x0FF7F, 0x09679, 0x1A1C3, 0x10489, 0x150C2, 0x03FAA, 0x0F378, 0x0C540, 0x1DFEA, 0x1185D, 0x127DA, 0x00000, 0x0D826, 0x0E7A3, 0x02016, 0x13AC0, 0x10C88, 0x1C056, 
	0x0AF3E, 0x0FB77, 0x05E3D, 0x16987, 0x10081, 0x184AC, 0x07B54, 0x0FF7F, 0x09679, 0x1A1C3, 0x10489, 0x150C2, 0x03FAA, 0x0F378, 0x0C540, 0x1DFEA, 0x1185D, 0x127DA, 0x00000, 0x0D826, 0x0E7A3, 0x02016, 0x13AC0, 0x10C88, 0x1C056, 0x0AF3E, 0x0FB77, 0x05E3D, 0x16987, 0x10081, 0x184AC, 0x07B54, 
	0x0FF7F, 0x09679, 0x1A1C3, 0x10489, 0x150C2, 0x03FAA, 0x0F378, 0x0C540, 0x1DFEA, 0x1185D, 0x127DA, 0x00000, 0x0D826, 0x0E7A3, 0x02016, 0x13AC0, 0x10C88, 0x1C056, 0x0AF3E, 0x0FB77, 0x05E3D, 0x16987, 0x10081, 0x184AC, 0x07B54, 0x0FF7F, 0x09679, 0x1A1C3, 0x10489, 0x150C2, 0x03FAA, 0x0F378, 
	0x0C540, 0x1DFEA, 0x1185D, 0x127DA, 0x00000, 0x0D826, 0x0E7A3, 0x02016, 0x13AC0, 0x10C88, 0x1C056, 0x0AF3E, 0x0FB77, 0x05E3D, 0x16987, 0x10081, 0x184AC, 0x07B54, 0x0FF7F, 0x09679, 0x1A1C3, 0x10489, 0x150C2, 0x03FAA, 0x0F378, 0x0C540, 0x1DFEA, 0x1185D, 0x127DA, 0x00000, 0x0D826, 0x0E7A3, 
	0x02016, 0x13AC0, 0x10C88, 0x1C056, 0x0AF3E, 0x0FB77, 0x05E3D, 0x16987, 0x10081, 0x184AC, 0x07B54, 0x0FF7F, 0x09679, 0x1A1C3, 0x10489, 0x150C2, 0x03FAA, 0x0F378, 0x0C540, 0x1DFEA, 0x1185D, 0x127DA, 0x00000, 0x0D826, 0x0E7A3, 0x02016, 0x13AC0, 0x10C88, 0x1C056, 0x0AF3E, 0x0FB77, 0x05E3D, 
	0x16987, 0x10081, 0x184AC, 0x07B54, 0x0FF7F, 0x09679, 0x1A1C3, 0x10489, 0x150C2, 0x03FAA, 0x0F378, 0x0C540, 0x1DFEA, 0x1185D, 0x127DA, 0x00000, 0x0D826, 0x0E7A3, 0x02016, 0x13AC0, 0x10C88, 0x1C056, 0x0AF3E, 0x0FB77, 0x05E3D, 0x16987, 0x10081, 0x184AC, 0x07B54, 0x0FF7F, 0x09679, 0x1A1C3, 
	0x10489, 0x150C2, 0x03FAA, 0x0F378, 0x0C540, 0x1DFEA, 0x1185D, 0x127DA, 0x00000, 0x0D826, 0x0E7A3, 0x02016, 0x13AC0, 0x10C88, 0x1C056, 0x0AF3E, 0x0FB77, 0x05E3D, 0x16987, 0x10081, 0x184AC, 0x07B54, 0x0FF7F, 0x09679, 0x1A1C3, 0x10489, 0x150C2, 0x03FAA, 0x0F378, 0x0C540, 0x1DFEA, 0x1185D, 
	0x127DA, 0x00000, 0x0D826, 0x0E7A3, 0x02016, 0x13AC0, 0x10C88, 0x1C056, 0x0AF3E, 0x0FB77, 0x05E3D, 0x16987, 0x10081, 0x184AC, 0x07B54, 0x0FF7F, 0x09679, 0x1A1C3, 0x10489, 0x150C2, 0x03FAA, 0x0F378, 0x0C540, 0x1DFEA, 0x1185D, 0x127DA, 0x00000, 0x0D826, 0x0E7A3, 0x02016, 0x13AC0, 0x10C88, 
	0x1C056, 0x0AF3E, 0x0FB77, 0x05E3D, 0x16987, 0x10081, 0x184AC, 0x07B54, 0x0FF7F, 0x09679, 0x1A1C3, 0x10489, 0x150C2, 0x03FAA, 0x0F378, 0x0C540, 0x1DFEA, 0x1185D, 0x127DA, 0x00000, 0x0D826, 0x0E7A3, 0x02016, 0x13AC0, 0x10C88, 0x1C056, 0x0AF3E, 0x0FB77, 0x05E3D, 0x16987, 0x10081, 0x184AC, 
	0x07B54, 0x0FF7F, 0x09679, 0x1A1C3, 0x10489, 0x150C2, 0x03FAA, 0x0F378, 0x0C540, 0x1DFEA, 0x1185D, 0x127DA, 0x00000, 0x0D826, 0x0E7A3, 0x02016, 0x13AC0, 0x10C88, 0x1C056, 0x0AF3E, 0x0FB77, 0x05E3D, 0x16987, 0x10081, 0x184AC, 0x07B54, 0x0FF7F, 0x09679, 0x1A1C3, 0x10489, 0x150C2, 0x03FAA, 
	0x0F378, 0x0C540, 0x1DFEA, 0x1185D, 0x127DA, 0x00000, 0x0D826, 0x0E7A3, 0x02016, 0x13AC0, 0x10C88, 0x1C056, 0x0AF3E, 0x0FB77, 0x05E3D, 0x16987, 0x10081, 0x184AC, 0x07B54, 0x0FF7F, 0x09679, 0x1A1C3, 0x10489, 0x150C2, 0x03FAA, 0x0F378, 0x0C540, 0x1DFEA, 0x1185D, 0x127DA, 0x00000, 0x0D826, 
	0x0E7A3, 0x02016, 0x13AC0, 0x10C88, 0x1C056, 0x0AF3E, 0x0FB77, 0x05E3D, 0x16987, 0x10081, 0x184AC, 0x07B54, 0x0FF7F, 0x09679, 0x1A1C3, 0x10489, 0x150C2, 0x03FAA, 0x0F378, 0x0C540, 0x1DFEA, 0x1185D, 0x127DA, 0x00000, 0x0D826, 0x0E7A3, 0x02016, 0x13AC0, 0x10C88, 0x1C056, 0x0AF3E, 0x0FB77, 
	0x05E3D, 0x16987, 0x10081, 0x184AC, 0x07B54, 0x0FF7F, 0x09679, 0x1A1C3, 0x10489, 0x150C2, 0x03FAA, 0x0F378, 0x0C540, 0x1DFEA, 0x1185D, 0x127DA, 0x00000, 0x0D826, 0x0E7A3, 0x02016, 0x13AC0, 0x10C88, 0x1C056, 0x0AF3E, 0x0FB77, 0x05E3D, 0x16987, 0x10081, 0x184AC, 0x07B54, 0x0FF7F, 0x09679, 
	0x1A1C3, 0x10489, 0x150C2, 0x03FAA, 0x0F378, 0x0C540, 0x1DFEA, 0x1185D, 0x127DA, 0x00000, 0x0D826, 0x0E7A3, 0x02016, 0x13AC0, 0x10C88, 0x1C056, 0x0AF3E, 0x0FB77, 0x05E3D, 0x16987, 0x10081, 0x184AC, 0x07B54, 0x0FF7F, 0x09679, 0x1A1C3, 0x10489, 0x150C2, 0x03FAA, 0x0F378, 0x0C540, 0x1DFEA, 
	0x1185D, 0x127DA, 0x00000, 0x0D826, 0x0E7A3, 0x02016, 0x13AC0, 0x10C88, 0x1C056, 0x0AF3E, 0x0FB77, 0x05E3D, 0x16987, 0x10081, 0x184AC, 0x07B54, 0x0FF7F, 0x09679, 0x1A1C3, 0x10489, 0x150C2, 0x03FAA, 0x0F378, 0x0C540, 0x1DFEA, 0x1185D, 0x127DA, 0x00000, 0x0D826, 0x0E7A3, 0x02016, 0x13AC0, 
	0x10C88, 0x1C056, 0x0AF3E, 0x0FB77, 0x05E3D, 0x16987, 0x10081, 0x184AC, 0x07B54, 0x0FF7F, 0x09679, 0x1A1C3, 0x10489, 0x150C2, 0x03FAA, 0x0F378, 0x0C540, 0x1DFEA, 0x1185D, 0x127DA, 0x00000, 0x0D826, 0x0E7A3, 0x02016, 0x13AC0, 0x10C88, 0x1C056, 0x0AF3E, 0x0FB77, 0x05E3D, 0x16987, 0x10081, 
	0x184AC, 0x07B54, 0x0FF7F, 0x09679, 0x1A1C3, 0x10489, 0x150C2, 0x03FAA, 0x0F378, 0x0C540, 0x1DFEA, 0x1185D, 0x127DA, 0x00000, 0x0D826, 0x0E7A3, 0x02016, 0x13AC0, 0x10C88, 0x1C056, 0x0AF3E, 0x0FB77, 0x05E3D, 0x16987, 0x10081, 0x184AC, 0x07B54, 0x0FF7F, 0x09679, 0x1A1C3, 0x10489, 0x150C2, 
	0x03FAA, 0x0F378, 0x0C540, 0x1DFEA, 0x1185D, 0x127DA, 0x00000, 0x0D826, 0x0E7A3, 0x02016, 0x13AC0, 0x10C88, 0x1C056, 0x0AF3E, 0x0FB77, 0x05E3D, 0x16987, 0x10081, 0x184AC, 0x07B54, 0x0FF7F, 0x09679, 0x1A1C3, 0x10489, 0x150C2, 0x03FAA, 0x0F378, 0x0C540, 0x1DFEA, 0x1185D, 0x127DA, 0x00000, 
	0x0D826, 0x0E7A3, 0x02016, 0x13AC0, 0x10C88, 0x1C056, 0x0AF3E, 0x0FB77, 0x05E3D, 0x16987, 0x10081, 0x184AC, 0x07B54, 0x0FF7F, 0x09679, 0x1A1C3, 0x10489, 0x150C2, 0x03FAA, 0x0F378, 0x0C540, 0x1DFEA, 0x1185D, 0x127DA, 0x00000, 0x0D826, 0x0E7A3, 0x02016, 0x13AC0, 0x10C88, 0x1C056, 0x0AF3E, 
	0x0FB77, 0x05E3D, 0x16987, 0x10081, 0x184AC, 0x07B54, 0x0FF7F, 0x09679, 0x1A1C3, 0x10489, 0x150C2, 0x03FAA, 0x0F378, 0x0C540, 0x1DFEA, 0x1185D, 0x127DA, 0x00000, 0x0D826, 0x0E7A3, 0x02016, 0x13AC0, 0x10C88, 0x1C056, 0x0AF3E, 0x0FB77, 0x05E3D, 0x16987, 0x10081, 0x184AC, 0x07B54, 0x0FF7F, 
	0x09679, 0x1A1C3, 0x10489, 0x150C2, 0x03FAA, 0x0F378, 0x0C540, 0x1DFEA, 0x1185D, 0x127DA, 0x00000, 0x0D826, 0x0E7A3, 0x02016, 0x13AC0, 0x10C88, 0x1C056, 0x0AF3E, 0x0FB77, 0x05E3D, 0x16987, 0x10081, 0x184AC, 0x07B54, 0x0FF7F, 0x09679, 0x1A1C3, 0x10489, 0x150C2, 0x03FAA, 0x0F378, 0x0C540, 
	0x1DFEA, 0x1185D, 0x127DA, 0x00000, 0x0D826, 0x0E7A3, 0x02016, 0x13AC0, 0x10C88, 0x1C056, 0x0AF3E, 0x0FB77, 0x05E3D, 0x16987, 0x10081, 0x184AC, 0x07B54, 0x0FF7F, 0x09679, 0x1A1C3, 0x10489, 0x150C2, 0x03FAA, 0x0F378, 0x0C540, 0x1DFEA, 0x1185D, 0x127DA, 0x00000, 0x0D826, 0x0E7A3, 0x02016, 
	0x13AC0, 0x10C88, 0x1C056, 0x0AF3E, 0x0FB77, 0x05E3D, 0x16987, 0x10081, 0x184AC, 0x07B54, 0x0FF7F, 0x09679, 0x1A1C3, 0x10489, 0x150C2, 0x03FAA, 0x0F378, 0x0C540, 0x1DFEA, 0x1185D, 0x127DA, 0x00000, 0x0D826, 0x0E7A3, 0x02016, 0x13AC0, 0x10C88, 0x1C056, 0x0AF3E, 0x0FB77, 0x05E3D, 0x16987, 
	0x10081, 0x184AC, 0x07B54, 0x0FF7F, 0x09679, 0x1A1C3, 0x10489, 0x150C2, 0x03FAA, 0x0F378, 0x0C540, 0x1DFEA, 0x1185D, 0x127DA, 0x00000, 0x0D826, 0x0E7A3, 0x02016, 0x13AC0, 0x10C88, 0x1C056, 0x0AF3E, 0x0FB77, 0x05E3D, 0x16987, 0x10081, 0x184AC, 0x07B54, 0x0FF7F, 0x09679, 0x1A1C3, 0x10489, 
	0x150C2, 0x03FAA, 0x0F378, 0x0C540, 0x1DFEA, 0x1185D, 0x127DA, 0x00000, 0x0D826, 0x0E7A3, 0x02016, 0x13AC0, 0x10C88, 0x1C056, 0x0AF3E, 0x0FB77, 0x05E3D, 0x16987, 0x10081, 0x184AC, 0x07B54, 0x0FF7F, 0x09679, 0x1A1C3, 0x10489, 0x150C2, 0x03FAA, 0x0F378, 0x0C540, 0x1DFEA, 0x1185D, 0x127DA, 
	0x00000, 0x0D826, 0x0E7A3, 0x02016, 0x13AC0, 0x10C88, 0x1C056, 0x0AF3E, 0x0FB77, 0x05E3D, 0x16987, 0x10081, 0x184AC, 0x07B54, 0x0FF7F, 0x09679, 0x1A1C3, 0x10489, 0x150C2, 0x03FAA, 0x0F378, 0x0C540, 0x1DFEA, 0x1185D, 0x127DA, 0x00000, 0x0D826, 0x0E7A3, 0x02016, 0x13AC0, 0x10C88, 0x1C056, 
	0x0AF3E, 0x0FB77, 0x05E3D, 0x16987, 0x10081, 0x184AC, 0x07B54, 0x0FF7F, 0x09679, 0x1A1C3, 0x10489, 0x150C2, 0x03FAA, 0x0F378, 0x0C540, 0x1DFEA, 0x1185D, 0x127DA, 0x00000, 0x0D826, 0x0E7A3, 0x02016, 0x13AC0, 0x10C88, 0x1C056, 0x0AF3E, 0x0FB77, 0x05E3D, 0x16987, 0x10081, 0x184AC, 0x07B54, 
	0x0FF7F, 0x09679, 0x1A1C3, 0x10489, 0x150C2, 0x03FAA, 0x0F378, 0x0C540, 0x1DFEA, 0x1185D, 0x127DA, 0x00000, 0x0D826, 0x0E7A3, 0x02016, 0x13AC0, 0x10C88, 0x1C056, 0x0AF3E, 0x0FB77, 0x05E3D, 0x16987, 0x10081, 0x184AC, 0x07B54, 0x0FF7F, 0x09679, 0x1A1C3, 0x10489, 0x150C2, 0x03FAA, 0x0F378, 
	0x0C540, 0x1DFEA, 0x1185D, 0x127DA, 0x00000, 0x0D826, 0x0E7A3, 0x02016, 0x13AC0, 0x10C88, 0x1C056, 0x0AF3E, 0x0FB77, 0x05E3D, 0x16987, 0x10081, 0x184AC, 0x07B54, 0x0FF7F, 0x09679, 0x1A1C3, 0x10489, 0x150C2, 0x03FAA, 0x0F378, 0x0C540, 0x1DFEA, 0x1185D, 0x127DA, 0x00000, 0x0D826, 0x0E7A3, 
	0x02016, 0x13AC0, 0x10C88, 0x1C056, 0x0AF3E, 0x0FB77, 0x05E3D, 0x16987, 0x10081, 0x184AC, 0x07B54, 0x0FF7F, 0x09679, 0x1A1C3, 0x10489, 0x150C2, 0x03FAA, 0x0F378, 0x0C540, 0x1DFEA, 0x1185D, 0x127DA, 0x00000, 0x0D826, 0x0E7A3, 0x02016, 0x13AC0, 0x10C88, 0x1C056, 0x0AF3E, 0x0FB77, 0x05E3D, 
	0x16987, 0x10081, 0x184AC, 0x07B54, 0x0FF7F, 0x09679, 0x1A1C3, 0x10489, 0x150C2, 0x03FAA, 0x0F378, 0x0C540, 0x1DFEA, 0x1185D, 0x127DA, 0x00000, 0x0D826, 0x0E7A3, 0x02016, 0x13AC0, 0x10C88, 0x1C056, 0x0AF3E, 0x0FB77, 0x05E3D, 0x16987, 0x10081, 0x184AC, 0x07B54, 0x0FF7F, 0x09679, 0x1A1C3, 
	0x10489, 0x150C2, 0x03FAA, 0x0F378, 0x0C540, 0x1DFEA, 0x1185D, 0x127DA, 0x00000, 0x0D826, 0x0E7A3, 0x02016, 0x13AC0, 0x10C88, 0x1C056, 0x0AF3E, 0x0FB77, 0x05E3D, 0x16987, 0x10081, 0x184AC, 0x07B54, 0x0FF7F, 0x09679, 0x1A1C3, 0x10489, 0x150C2, 0x03FAA, 0x0F378, 0x0C540, 0x1DFEA, 0x1185D, 
	0x127DA, 0x00000, 0x0D826, 0x0E7A3, 0x02016, 0x13AC0, 0x10C88, 0x1C056, 0x0AF3E, 0x0FB77, 0x05E3D, 0x16987, 0x10081, 0x184AC, 0x07B54, 0x0FF7F, 0x09679, 0x1A1C3, 0x10489, 0x150C2, 0x03FAA, 0x0F378, 0x0C540, 0x1DFEA, 0x1185D, 0x127DA, 0x00000, 0x0D826, 0x0E7A3, 0x02016, 0x13AC0, 0x10C88, 
	0x1C056, 0x0AF3E, 0x0FB77, 0x05E3D, 0x16987, 0x10081, 0x184AC, 0x07B54, 0x0FF7F, 0x09679, 0x1A1C3, 0x10489, 0x150C2, 0x03FAA, 0x0F378, 0x0C540, 0x1DFEA, 0x1185D, 0x127DA, 0x00000, 0x0D826, 0x0E7A3, 0x02016, 0x13AC0, 0x10C88, 0x1C056, 0x0AF3E, 0x0FB77, 0x05E3D, 0x16987, 0x10081, 0x184AC, 
	0x07B54, 0x0FF7F, 0x09679, 0x1A1C3, 0x10489, 0x150C2, 0x03FAA, 0x0F378, 0x0C540, 0x1DFEA, 0x1185D, 0x127DA, 0x00000, 0x0D826, 0x0E7A3, 0x02016, 0x13AC0, 0x10C88, 0x1C056, 0x0AF3E, 0x0FB77, 0x05E3D, 0x16987, 0x10081, 0x184AC, 0x07B54, 0x0FF7F, 0x09679, 0x1A1C3, 0x10489, 0x150C2, 0x03FAA, 
	0x0F378, 0x0C540, 0x1DFEA, 0x1185D, 0x127DA, 0x00000, 0x0D826, 0x0E7A3, 0x02016, 0x13AC0, 0x10C88, 0x1C056, 0x0AF3E, 0x0FB77, 0x05E3D, 0x16987, 0x10081, 0x184AC, 0x07B54, 0x0FF7F, 0x09679, 0x1A1C3, 0x10489, 0x150C2, 0x03FAA, 0x0F378, 0x0C540, 0x1DFEA, 0x1185D, 0x127DA, 0x00000, 0x0D826, 
	0x0E7A3, 0x02016, 0x13AC0, 0x10C88, 0x1C056, 0x0AF3E, 0x0FB77, 0x05E3D, 0x16987, 0x10081, 0x184AC, 0x07B54, 0x0FF7F, 0x09679, 0x1A1C3, 0x10489, 0x150C2, 0x03FAA, 0x0F378, 0x0C540, 0x1DFEA, 0x1185D, 0x127DA, 0x00000, 0x0D826, 0x0E7A3, 0x02016, 0x13AC0, 0x10C88, 0x1C056, 0x0AF3E, 0x0FB77, 
	0x05E3D, 0x16987, 0x10081, 0x184AC, 0x07B54, 0x0FF7F, 0x09679, 0x1A1C3, 0x10489, 0x150C2, 0x03FAA, 0x0F378, 0x0C540, 0x1DFEA, 0x1185D, 0x127DA, 0x00000, 0x0D826, 0x0E7A3, 0x02016, 0x13AC0, 0x10C88, 0x1C056, 0x0AF3E, 0x0FB77, 0x05E3D, 0x16987, 0x10081, 0x184AC, 0x07B54, 0x0FF7F, 0x09679, 
	0x1A1C3, 0x10489, 0x150C2, 0x03FAA, 0x0F378, 0x0C540, 0x1DFEA, 0x1185D, 0x127DA, 0x00000, 0x0D826, 0x0E7A3, 0x02016, 0x13AC0, 0x10C88, 0x1C056, 0x0AF3E, 0x0FB77, 0x05E3D, 0x16987, 0x10081, 0x184AC, 0x07B54, 0x0FF7F, 0x09679, 0x1A1C3, 0x10489, 0x150C2, 0x03FAA, 0x0F378, 0x0C540, 0x1DFEA, 
	0x1185D, 0x127DA, 0x00000, 0x0D826, 0x0E7A3, 0x02016, 0x13AC0, 0x10C88, 0x1C056, 0x0AF3E, 0x0FB77, 0x05E3D, 0x16987, 0x10081, 0x184AC, 0x07B54, 0x0FF7F, 0x09679, 0x1A1C3, 0x10489, 0x150C2, 0x03FAA, 0x0F378, 0x0C540, 0x1DFEA, 0x1185D, 0x127DA, 0x00000, 0x0D826, 0x0E7A3, 0x02016, 0x13AC0, 
	0x10C88, 0x1C056, 0x0AF3E, 0x0FB77, 0x05E3D, 0x16987, 0x10081, 0x184AC, 0x07B54, 0x0FF7F, 0x09679, 0x1A1C3, 0x10489, 0x150C2, 0x03FAA, 0x0F378, 0x0C540, 0x1DFEA, 0x1185D, 0x127DA, 0x00000, 0x0D826, 0x0E7A3, 0x02016, 0x13AC0, 0x10C88, 0x1C056, 0x0AF3E, 0x0FB77, 0x05E3D, 0x16987, 0x10081, 
	0x184AC, 0x07B54, 0x0FF7F, 0x09679, 0x1A1C3, 0x10489, 0x150C2, 0x03FAA, 0x0F378, 0x0C540, 0x1DFEA, 0x1185D, 0x127DA, 0x00000, 0x0D826, 0x0E7A3, 0x02016, 0x13AC0, 0x10C88, 0x1C056, 0x0AF3E, 0x0FB77, 0x05E3D, 0x16987, 0x10081, 0x184AC, 0x07B54, 0x0FF7F, 0x09679, 0x1A1C3, 0x10489, 0x150C2, 
	0x03FAA, 0x0F378, 0x0C540, 0x1DFEA, 0x1185D, 0x127DA, 0x00000, 0x0D826, 0x0E7A3, 0x02016, 0x13AC0, 0x10C88, 0x1C056, 0x0AF3E, 0x0FB77, 0x05E3D, 0x16987, 0x10081, 0x184AC, 0x07B54, 0x0FF7F, 0x09679, 0x1A1C3, 0x10489, 0x150C2, 0x03FAA, 0x0F378, 0x0C540, 0x1DFEA, 0x1185D, 0x127DA, 0x00000, 
	0x0D826, 0x0E7A3, 0x02016, 0x13AC0, 0x10C88, 0x1C056, 0x0AF3E, 0x0FB77, 0x05E3D, 0x16987, 0x10081, 0x184AC, 0x07B54, 0x0FF7F, 0x09679, 0x1A1C3, 0x10489, 0x150C2, 0x03FAA, 0x0F378, 0x0C540, 0x1DFEA, 0x1185D, 0x127DA, 0x00000, 0x0D826, 0x0E7A3, 0x02016, 0x13AC0, 0x10C88, 0x1C056, 0x0AF3E, 
	0x0FB77, 0x05E3D, 0x16987, 0x10081, 0x184AC, 0x07B54, 0x0FF7F, 0x09679, 0x1A1C3, 0x10489, 0x150C2, 0x03FAA, 0x0F378, 0x0C540, 0x1DFEA, 0x1185D, 0x127DA, 0x00000, 0x0D826, 0x0E7A3, 0x02016, 0x13AC0, 0x10C88, 0x1C056, 0x0AF3E, 0x0FB77, 0x05E3D, 0x16987, 0x10081, 0x184AC, 0x07B54, 0x0FF7F, 
	0x09679, 0x1A1C3, 0x10489, 0x150C2, 0x03FAA, 0x0F378, 0x0C540, 0x1DFEA, 0x1185D, 0x127DA, 0x00000, 0x0D826, 0x0E7A3, 0x02016, 0x13AC0, 0x10C88, 0x1C056, 0x0AF3E, 0x0FB77, 0x05E3D, 0x16987, 0x10081, 0x184AC, 0x07B54, 0x0FF7F, 0x09679, 0x1A1C3, 0x10489, 0x150C2, 0x03FAA, 0x0F378, 0x0C540, 
	0x1DFEA, 0x1185D, 0x127DA, 0x00000, 0x0D826, 0x0E7A3, 0x02016, 0x13AC0, 0x10C88, 0x1C056, 0x0AF3E, 0x0FB77, 0x05E3D, 0x16987, 0x10081, 0x184AC, 0x07B54, 0x0FF7F, 0x09679, 0x1A1C3, 0x10489, 0x150C2, 0x03FAA, 0x0F378, 0x0C540, 0x1DFEA, 0x1185D, 0x127DA, 0x00000, 0x0D826, 0x0E7A3, 0x02016, 
	0x13AC0, 0x10C88, 0x1C056, 0x0AF3E, 0x0FB77, 0x05E3D, 0x16987, 0x10081, 0x184AC, 0x07B54, 0x0FF7F, 0x09679, 0x1A1C3, 0x10489, 0x150C2, 0x03FAA, 0x0F378, 0x0C540, 0x1DFEA, 0x1185D, 0x127DA, 0x00000, 0x0D826, 0x0E7A3, 0x02016, 0x13AC0, 0x10C88, 0x1C056, 0x0AF3E, 0x0FB77, 0x05E3D, 0x16987, 
	0x10081, 0x184AC, 0x07B54, 0x0FF7F, 0x09679, 0x1A1C3, 0x10489, 0x150C2, 0x03FAA, 0x0F378, 0x0C540, 0x1DFEA, 0x1185D, 0x127DA, 0x00000, 0x0D826, 0x0E7A3, 0x02016, 0x13AC0, 0x10C88, 0x1C056, 0x0AF3E, 0x0FB77, 0x05E3D, 0x16987, 0x10081, 0x184AC, 0x07B54, 0x0FF7F, 0x09679, 0x1A1C3, 0x10489, 
	0x150C2, 0x03FAA, 0x0F378, 0x0C540, 0x1DFEA, 0x1185D, 0x127DA, 0x00000, 0x0D826, 0x0E7A3, 0x02016, 0x13AC0, 0x10C88, 0x1C056, 0x0AF3E, 0x0FB77, 0x05E3D, 0x16987, 0x10081, 0x184AC, 0x07B54, 0x0FF7F, 0x09679, 0x1A1C3, 0x10489, 0x150C2, 0x03FAA, 0x0F378, 0x0C540, 0x1DFEA, 0x1185D, 0x127DA, 
	0x00000, 0x0D826, 0x0E7A3, 0x02016, 0x13AC0, 0x10C88, 0x1C056, 0x0AF3E, 0x0FB77, 0x05E3D, 0x16987, 0x10081, 0x184AC, 0x07B54, 0x0FF7F, 0x09679, 0x1A1C3, 0x10489, 0x150C2, 0x03FAA, 0x0F378, 0x0C540, 0x1DFEA, 0x1185D, 0x127DA, 0x00000, 0x0D826, 0x0E7A3, 0x02016, 0x13AC0, 0x10C88, 0x1C056, 
	0x0AF3E, 0x0FB77, 0x05E3D, 0x16987, 0x10081, 0x184AC, 0x07B54, 0x0FF7F, 0x09679, 0x1A1C3, 0x10489, 0x150C2, 0x03FAA, 0x0F378, 0x0C540, 0x1DFEA, 0x1185D, 0x127DA, 0x00000, 0x0D826, 0x0E7A3, 0x02016, 0x13AC0, 0x10C88, 0x1C056, 0x0AF3E, 0x0FB77, 0x05E3D, 0x16987, 0x10081, 0x184AC, 0x07B54, 
	0x0FF7F, 0x09679, 0x1A1C3, 0x10489, 0x150C2, 0x03FAA, 0x0F378, 0x0C540, 0x1DFEA, 0x1185D, 0x127DA, 0x00000, 0x0D826, 0x0E7A3, 0x02016, 0x13AC0, 0x10C88, 0x1C056, 0x0AF3E, 0x0FB77, 0x05E3D, 0x16987, 0x10081, 0x184AC, 0x07B54, 0x0FF7F, 0x09679, 0x1A1C3, 0x10489, 0x150C2, 0x03FAA, 0x0F378, 
	0x0C540, 0x1DFEA, 0x1185D, 0x127DA, 0x00000, 0x0D826, 0x0E7A3, 0x02016, 0x13AC0, 0x10C88, 0x1C056, 0x0AF3E, 0x0FB77, 0x05E3D, 0x16987, 0x10081, 0x184AC, 0x07B54, 0x0FF7F, 0x09679, 0x1A1C3, 0x10489, 0x150C2, 0x03FAA, 0x0F378, 0x0C540, 0x1DFEA, 0x1185D, 0x127DA, 0x00000, 0x0D826, 0x0E7A3, 
	0x02016, 0x13AC0, 0x10C88, 0x1C056, 0x0AF3E, 0x0FB77, 0x05E3D, 0x16987, 0x10081, 0x184AC, 0x07B54, 0x0FF7F, 0x09679, 0x1A1C3, 0x10489, 0x150C2, 0x03FAA, 0x0F378, 0x0C540, 0x1DFEA, 0x1185D, 0x127DA, 0x00000, 0x0D826, 0x0E7A3, 0x02016, 0x13AC0, 0x10C88, 0x1C056, 0x0AF3E, 0x0FB77, 0x05E3D, 
	0x16987, 0x10081, 0x184AC, 0x07B54, 0x0FF7F, 0x09679, 0x1A1C3, 0x10489, 0x150C2, 0x03FAA, 0x0F378, 0x0C540, 0x1DFEA, 0x1185D, 0x127DA, 0x00000, 0x0D826, 0x0E7A3, 0x02016, 0x13AC0, 0x10C88, 0x1C056, 0x0AF3E, 0x0FB77, 0x05E3D, 0x16987, 0x10081, 0x184AC, 0x07B54, 0x0FF7F, 0x09679, 0x1A1C3, 
	0x10489, 0x150C2, 0x03FAA, 0x0F378, 0x0C540, 0x1DFEA, 0x1185D, 0x127DA, 0x00000, 0x0D826, 0x0E7A3, 0x02016, 0x13AC0, 0x10C88, 0x1C056, 0x0AF3E, 0x0FB77, 0x05E3D, 0x16987, 0x10081, 0x184AC, 0x07B54, 0x0FF7F, 0x09679, 0x1A1C3, 0x10489, 0x150C2, 0x03FAA, 0x0F378, 0x0C540, 0x1DFEA, 0x1185D, 
	0x127DA, 0x00000, 0x0D826, 0x0E7A3, 0x02016, 0x13AC0, 0x10C88, 0x1C056, 0x0AF3E, 0x0FB77, 0x05E3D, 0x16987, 0x10081, 0x184AC, 0x07B54, 0x0FF7F, 0x09679, 0x1A1C3, 0x10489, 0x150C2, 0x03FAA, 0x0F378, 0x0C540, 0x1DFEA, 0x1185D, 0x127DA, 0x00000, 0x0D826, 0x0E7A3, 0x02016, 0x13AC0, 0x10C88, 
	0x1C056, 0x0AF3E, 0x0FB77, 0x05E3D, 0x16987, 0x10081, 0x184AC, 0x07B54, 0x0FF7F, 0x09679, 0x1A1C3, 0x10489, 0x150C2, 0x03FAA, 0x0F378, 0x0C540, 0x1DFEA, 0x1185D, 0x127DA, 0x00000, 0x0D826, 0x0E7A3, 0x02016, 0x13AC0, 0x10C88, 0x1C056, 0x0AF3E, 0x0FB77, 0x05E3D, 0x16987, 0x10081, 0x184AC, 
	0x07B54, 0x0FF7F, 0x09679, 0x1A1C3, 0x10489, 0x150C2, 0x03FAA, 0x0F378, 0x0C540, 0x1DFEA, 0x1185D, 0x127DA, 0x00000, 0x0D826, 0x0E7A3, 0x02016, 0x13AC0, 0x10C88, 0x1C056, 0x0AF3E, 0x0FB77, 0x05E3D, 0x16987, 0x10081, 0x184AC, 0x07B54, 0x0FF7F, 0x09679, 0x1A1C3, 0x10489, 0x150C2, 0x03FAA, 
	0x0F378, 0x0C540, 0x1DFEA, 0x1185D, 0x127DA, 0x00000, 0x0D826, 0x0E7A3, 0x02016, 0x13AC0, 0x10C88, 0x1C056, 0x0AF3E, 0x0FB77, 0x05E3D, 0x16987, 0x10081, 0x184AC, 0x07B54, 0x0FF7F, 0x09679, 0x1A1C3, 0x10489, 0x150C2, 0x03FAA, 0x0F378, 0x0C540, 0x1DFEA, 0x1185D, 0x127DA, 0x00000, 0x0D826, 
	0x0E7A3, 0x02016, 0x13AC0, 0x10C88, 0x1C056, 0x0AF3E, 0x0FB77, 0x05E3D, 0x16987, 0x10081, 0x184AC, 0x07B54, 0x0FF7F, 0x09679, 0x1A1C3, 0x10489, 0x150C2, 0x03FAA, 0x0F378, 0x0C540, 0x1DFEA, 0x1185D, 0x127DA, 0x00000, 0x0D826, 0x0E7A3, 0x02016, 0x13AC0, 0x10C88, 0x1C056, 0x0AF3E, 0x0FB77, 
	0x05E3D, 0x16987, 0x10081, 0x184AC, 0x07B54, 0x0FF7F, 0x09679, 0x1A1C3, 0x10489, 0x150C2, 0x03FAA, 0x0F378, 0x0C540, 0x1DFEA, 0x1185D, 0x127DA, 0x00000, 0x0D826, 0x0E7A3, 0x02016, 0x13AC0, 0x10C88, 0x1C056, 0x0AF3E, 0x0FB77, 0x05E3D, 0x16987, 0x10081, 0x184AC, 0x07B54, 0x0FF7F, 0x09679, 
	0x1A1C3, 0x10489, 0x150C2, 0x03FAA, 0x0F378, 0x0C540, 0x1DFEA, 0x1185D, 0x127DA, 0x00000, 0x0D826, 0x0E7A3, 0x02016, 0x13AC0, 0x10C88, 0x1C056, 0x0AF3E, 0x0FB77, 0x05E3D, 0x16987, 0x10081, 0x184AC, 0x07B54, 0x0FF7F, 0x09679, 0x1A1C3, 0x10489, 0x150C2, 0x03FAA, 0x0F378, 0x0C540, 0x1DFEA, 
	0x1185D, 0x127DA, 0x00000, 0x0D826, 0x0E7A3, 0x02016, 0x13AC0, 0x10C88, 0x1C056, 0x0AF3E, 0x0FB77, 0x05E3D, 0x16987, 0x10081, 0x184AC, 0x07B54, 0x0FF7F, 0x09679, 0x1A1C3, 0x10489, 0x150C2, 0x03FAA, 0x0F378, 0x0C540, 0x1DFEA, 0x1185D, 0x127DA, 0x00000, 0x0D826, 0x0E7A3, 0x02016, 0x13AC0, 
	0x10C88, 0x1C056, 0x0AF3E, 0x0FB77, 0x05E3D, 0x16987, 0x10081, 0x184AC, 0x07B54, 0x0FF7F, 0x09679, 0x1A1C3, 0x10489, 0x150C2, 0x03FAA, 0x0F378, 0x0C540, 0x1DFEA, 0x1185D, 0x127DA, 0x00000, 0x0D826, 0x0E7A3, 0x02016, 0x13AC0, 0x10C88, 0x1C056, 0x0AF3E, 0x0FB77, 0x05E3D, 0x16987, 0x10081, 
	0x184AC, 0x07B54, 0x0FF7F, 0x09679, 0x1A1C3, 0x10489, 0x150C2, 0x03FAA, 0x0F378, 0x0C540, 0x1DFEA, 0x1185D, 0x127DA, 0x00000, 0x0D826, 0x0E7A3, 0x02016, 0x13AC0, 0x10C88, 0x1C056, 0x0AF3E, 0x0FB77, 0x05E3D, 0x16987, 0x10081, 0x184AC, 0x07B54, 0x0FF7F, 0x09679, 0x1A1C3, 0x10489, 0x150C2, 
	0x03FAA, 0x0F378, 0x0C540, 0x1DFEA, 0x1185D, 0x127DA, 0x00000, 0x0D826, 0x0E7A3, 0x02016, 0x13AC0, 0x10C88, 0x1C056, 0x0AF3E, 0x0FB77, 0x05E3D, 0x16987, 0x10081, 0x184AC, 0x07B54, 0x0FF7F, 0x09679, 0x1A1C3, 0x10489, 0x150C2, 0x03FAA, 0x0F378, 0x0C540, 0x1DFEA, 0x1185D, 0x127DA, 0x00000, 
	0x0D826, 0x0E7A3, 0x02016, 0x13AC0, 0x10C88, 0x1C056, 0x0AF3E, 0x0FB77, 0x05E3D, 0x16987, 0x10081, 0x184AC, 0x07B54, 0x0FF7F, 0x09679, 0x1A1C3, 0x10489, 0x150C2, 0x03FAA, 0x0F378, 0x0C540, 0x1DFEA, 0x1185D, 0x127DA, 0x00000, 0x0D826, 0x0E7A3, 0x02016, 0x13AC0, 0x10C88, 0x1C056, 0x0AF3E, 
	0x0FB77, 0x05E3D, 0x16987, 0x10081, 0x184AC, 0x07B54, 0x0FF7F, 0x09679, 0x1A1C3, 0x10489, 0x150C2, 0x03FAA, 0x0F378, 0x0C540, 0x1DFEA, 0x1185D, 0x127DA, 0x00000, 0x0D826, 0x0E7A3, 0x02016, 0x13AC0, 0x10C88, 0x1C056, 0x0AF3E, 0x0FB77, 0x05E3D, 0x16987, 0x10081, 0x184AC, 0x07B54, 0x0FF7F, 
	0x09679, 0x1A1C3, 0x10489, 0x150C2, 0x03FAA, 0x0F378, 0x0C540, 0x1DFEA, 0x1185D, 0x127DA, 0x00000, 0x0D826, 0x0E7A3, 0x02016, 0x13AC0, 0x10C88, 0x1C056, 0x0AF3E, 0x0FB77, 0x05E3D, 0x16987, 0x10081, 0x184AC, 0x07B54, 0x0FF7F, 0x09679, 0x1A1C3, 0x10489, 0x150C2, 0x03FAA, 0x0F378, 0x0C540, 
	0x1DFEA, 0x1185D, 0x127DA, 0x00000, 0x0D826, 0x0E7A3, 0x02016, 0x13AC0, 0x10C88, 0x1C056, 0x0AF3E, 0x0FB77, 0x05E3D, 0x16987, 0x10081, 0x184AC, 0x07B54, 0x0FF7F, 0x09679, 0x1A1C3, 0x10489, 0x150C2, 0x03FAA, 0x0F378, 0x0C540, 0x1DFEA, 0x1185D, 0x127DA, 0x00000, 0x0D826, 0x0E7A3, 0x02016, 
	0x13AC0, 0x10C88, 0x1C056, 0x0AF3E, 0x0FB77, 0x05E3D, 0x16987, 0x10081, 0x184AC, 0x07B54, 0x0FF7F, 0x09679, 0x1A1C3, 0x10489, 0x150C2, 0x03FAA, 0x0F378, 0x0C540, 0x1DFEA, 0x1185D, 0x127DA, 0x00000, 0x0D826, 0x0E7A3, 0x02016, 0x13AC0, 0x10C88, 0x1C056, 0x0AF3E, 0x0FB77, 0x05E3D, 0x16987, 
	0x10081, 0x184AC, 0x07B54, 0x0FF7F, 0x09679, 0x1A1C3, 0x10489, 0x150C2, 0x03FAA, 0x0F378, 0x0C540, 0x1DFEA, 0x1185D, 0x127DA, 0x00000, 0x0D826, 0x0E7A3, 0x02016, 0x13AC0, 0x10C88, 0x1C056, 0x0AF3E, 0x0FB77, 0x05E3D, 0x16987, 0x10081, 0x184AC, 0x07B54, 0x0FF7F, 0x09679, 0x1A1C3, 0x10489, 
	0x150C2, 0x03FAA, 0x0F378, 0x0C540, 0x1DFEA, 0x1185D, 0x127DA, 0x00000, 0x0D826, 0x0E7A3, 0x02016, 0x13AC0, 0x10C88, 0x1C056, 0x0AF3E, 0x0FB77, 0x05E3D, 0x16987, 0x10081, 0x184AC, 0x07B54, 0x0FF7F, 0x09679, 0x1A1C3, 0x10489, 0x150C2, 0x03FAA, 0x0F378, 0x0C540, 0x1DFEA, 0x1185D, 0x127DA, 
	0x00000, 0x0D826, 0x0E7A3, 0x02016, 0x13AC0, 0x10C88, 0x1C056, 0x0AF3E, 0x0FB77, 0x05E3D, 0x16987, 0x10081, 0x184AC, 0x07B54, 0x0FF7F, 0x09679, 0x1A1C3, 0x10489, 0x150C2, 0x03FAA, 0x0F378, 0x0C540, 0x1DFEA, 0x1185D, 0x127DA, 0x00000, 0x0D826, 0x0E7A3, 0x02016, 0x13AC0, 0x10C88, 0x1C056, 
	0x0AF3E, 0x0FB77, 0x05E3D, 0x16987, 0x10081, 0x184AC, 0x07B54, 0x0FF7F, 0x09679, 0x1A1C3, 0x10489, 0x150C2, 0x03FAA, 0x0F378, 0x0C540, 0x1DFEA, 0x1185D, 0x127DA, 0x00000, 0x0D826, 0x0E7A3, 0x02016, 0x13AC0, 0x10C88, 0x1C056, 0x0AF3E, 0x0FB77, 0x05E3D, 0x16987, 0x10081, 0x184AC, 0x07B54, 
	0x0FF7F, 0x09679, 0x1A1C3, 0x10489, 0x150C2, 0x03FAA, 0x0F378, 0x0C540, 0x1DFEA, 0x1185D, 0x127DA, 0x00000, 0x0D826, 0x0E7A3, 0x02016, 0x13AC0, 0x10C88, 0x1C056, 0x0AF3E, 0x0FB77, 0x05E3D, 0x16987, 0x10081, 0x184AC, 0x07B54, 0x0FF7F, 0x09679, 0x1A1C3, 0x10489, 0x150C2, 0x03FAA, 0x0F378, 
	0x0C540, 0x1DFEA, 0x1185D, 0x127DA, 0x00000, 0x0D826, 0x0E7A3, 0x02016, 0x13AC0, 0x10C88, 0x1C056, 0x0AF3E, 0x0FB77, 0x05E3D, 0x16987, 0x10081, 0x184AC, 0x07B54, 0x0FF7F, 0x09679, 0x1A1C3, 0x10489, 0x150C2, 0x03FAA, 0x0F378, 0x0C540, 0x1DFEA, 0x1185D, 0x127DA, 0x00000, 0x0D826, 0x0E7A3, 
	0x02016, 0x13AC0, 0x10C88, 0x1C056, 0x0AF3E, 0x0FB77, 0x05E3D, 0x16987, 0x10081, 0x184AC, 0x07B54, 0x0FF7F, 0x09679, 0x1A1C3, 0x10489, 0x150C2, 0x03FAA, 0x0F378, 0x0C540, 0x1DFEA, 0x1185D, 0x127DA, 0x00000, 0x0D826, 0x0E7A3, 0x02016, 0x13AC0, 0x10C88, 0x1C056, 0x0AF3E, 0x0FB77, 0x05E3D, 
	0x16987, 0x10081, 0x184AC, 0x07B54, 0x0FF7F, 0x09679, 0x1A1C3, 0x10489, 0x150C2, 0x03FAA, 0x0F378, 0x0C540, 0x1DFEA, 0x1185D, 0x127DA, 0x00000, 0x0D826, 0x0E7A3, 0x02016, 0x13AC0, 0x10C88, 0x1C056, 0x0AF3E, 0x0FB77, 0x05E3D, 0x16987, 0x10081, 0x184AC, 0x07B54, 0x0FF7F, 0x09679, 0x1A1C3, 
	0x10489, 0x150C2, 0x03FAA, 0x0F378, 0x0C540, 0x1DFEA, 0x1185D, 0x127DA, 0x00000, 0x0D826, 0x0E7A3, 0x02016, 0x13AC0, 0x10C88, 0x1C056, 0x0AF3E, 0x0FB77, 0x05E3D, 0x16987, 0x10081, 0x184AC, 0x07B54, 0x0FF7F, 0x09679, 0x1A1C3, 0x10489, 0x150C2, 0x03FAA, 0x0F378, 0x0C540, 0x1DFEA, 0x1185D, 
	0x127DA, 0x00000, 0x0D826, 0x0E7A3, 0x02016, 0x13AC0, 0x10C88, 0x1C056, 0x0AF3E, 0x0FB77, 0x05E3D, 0x16987, 0x10081, 0x184AC, 0x07B54, 0x0FF7F, 0x09679, 0x1A1C3, 0x10489, 0x150C2, 0x03FAA, 0x0F378, 0x0C540, 0x1DFEA, 0x1185D, 0x127DA, 0x00000, 0x0D826, 0x0E7A3, 0x02016, 0x13AC0, 0x10C88, 
	0x1C056, 0x0AF3E, 0x0FB77, 0x05E3D, 0x16987, 0x10081, 0x184AC, 0x07B54, 0x0FF7F, 0x09679, 0x1A1C3, 0x10489, 0x150C2, 0x03FAA, 0x0F378, 0x0C540, 0x1DFEA, 0x1185D, 0x127DA, 0x00000, 0x0D826, 0x0E7A3, 0x02016, 0x13AC0, 0x10C88, 0x1C056, 0x0AF3E, 0x0FB77, 0x05E3D, 0x16987, 0x10081, 0x184AC, 
	0x07B54, 0x0FF7F, 0x09679, 0x1A1C3, 0x10489, 0x150C2, 0x03FAA, 0x0F378, 0x0C540, 0x1DFEA, 0x1185D, 0x127DA, 0x00000, 0x0D826, 0x0E7A3, 0x02016, 0x13AC0, 0x10C88, 0x1C056, 0x0AF3E, 0x0FB77, 0x05E3D, 0x16987, 0x10081, 0x184AC, 0x07B54, 0x0FF7F, 0x09679, 0x1A1C3, 0x10489, 0x150C2, 0x03FAA, 
	0x0F378, 0x0C540, 0x1DFEA, 0x1185D, 0x127DA, 0x00000, 0x0D826, 0x0E7A3, 0x02016, 0x13AC0, 0x10C88, 0x1C056, 0x0AF3E, 0x0FB77, 0x05E3D, 0x16987, 0x10081, 0x184AC, 0x07B54, 0x0FF7F, 0x09679, 0x1A1C3, 0x10489, 0x150C2, 0x03FAA, 0x0F378, 0x0C540, 0x1DFEA, 0x1185D, 0x127DA, 0x00000, 0x0D826, 
	0x0E7A3, 0x02016, 0x13AC0, 0x10C88, 0x1C056, 0x0AF3E, 0x0FB77, 0x05E3D, 0x16987, 0x10081, 0x184AC, 0x07B54, 0x0FF7F, 0x09679, 0x1A1C3, 0x10489, 0x150C2, 0x03FAA, 0x0F378, 0x0C540, 0x1DFEA, 0x1185D, 0x127DA, 0x00000, 0x0D826, 0x0E7A3, 0x02016, 0x13AC0, 0x10C88, 0x1C056, 0x0AF3E, 0x0FB77, 
	0x05E3D, 0x16987, 0x10081, 0x184AC, 0x07B54, 0x0FF7F, 0x09679, 0x1A1C3, 0x10489, 0x150C2, 0x03FAA, 0x0F378, 0x0C540, 0x1DFEA, 0x1185D, 0x127DA, 0x00000, 0x0D826, 0x0E7A3, 0x02016, 0x13AC0, 0x10C88, 0x1C056, 0x0AF3E, 0x0FB77, 0x05E3D, 0x16987, 0x10081, 0x184AC, 0x07B54, 0x0FF7F, 0x09679, 
	0x1A1C3, 0x10489, 0x150C2, 0x03FAA, 0x0F378, 0x0C540, 0x1DFEA, 0x1185D, 0x127DA, 0x00000, 0x0D826, 0x0E7A3, 0x02016, 0x13AC0, 0x10C88, 0x1C056, 0x0AF3E, 0x0FB77, 0x05E3D, 0x16987, 0x10081, 0x184AC, 0x07B54, 0x0FF7F, 0x09679, 0x1A1C3, 0x10489, 0x150C2, 0x03FAA, 0x0F378, 0x0C540, 0x1DFEA, 
	0x1185D, 0x127DA, 0x00000, 0x0D826, 0x0E7A3, 0x02016, 0x13AC0, 0x10C88, 0x1C056, 0x0AF3E, 0x0FB77, 0x05E3D, 0x16987, 0x10081, 0x184AC, 0x07B54, 0x0FF7F, 0x09679, 0x1A1C3, 0x10489, 0x150C2, 0x03FAA, 0x0F378, 0x0C540, 0x1DFEA, 0x1185D, 0x127DA, 0x00000, 0x0D826, 0x0E7A3, 0x02016, 0x13AC0, 
	0x10C88, 0x1C056, 0x0AF3E, 0x0FB77, 0x05E3D, 0x16987, 0x10081, 0x184AC, 0x07B54, 0x0FF7F, 0x09679, 0x1A1C3, 0x10489, 0x150C2, 0x03FAA, 0x0F378, 0x0C540, 0x1DFEA, 0x1185D, 0x127DA, 0x00000, 0x0D826, 0x0E7A3, 0x02016, 0x13AC0, 0x10C88, 0x1C056, 0x0AF3E, 0x0FB77, 0x05E3D, 0x16987, 0x10081, 
	0x184AC, 0x07B54, 0x0FF7F, 0x09679, 0x1A1C3, 0x10489, 0x150C2, 0x03FAA, 0x0F378, 0x0C540, 0x1DFEA, 0x1185D, 0x127DA, 0x00000, 0x0D826, 0x0E7A3, 0x02016, 0x13AC0, 0x10C88, 0x1C056, 0x0AF3E, 0x0FB77, 0x05E3D, 0x16987, 0x10081, 0x184AC, 0x07B54, 0x0FF7F, 0x09679, 0x1A1C3, 0x10489, 0x150C2, 
	0x03FAA, 0x0F378, 0x0C540, 0x1DFEA, 0x1185D, 0x127DA, 0x00000, 0x0D826, 0x0E7A3, 0x02016, 0x13AC0, 0x10C88, 0x1C056, 0x0AF3E, 0x0FB77, 0x05E3D, 0x16987, 0x10081, 0x184AC, 0x07B54, 0x0FF7F, 0x09679, 0x1A1C3, 0x10489, 0x150C2, 0x03FAA, 0x0F378, 0x0C540, 0x1DFEA, 0x1185D, 0x127DA, 0x00000, 
	0x0D826, 0x0E7A3, 0x02016, 0x13AC0, 0x10C88, 0x1C056, 0x0AF3E, 0x0FB77, 0x05E3D, 0x16987, 0x10081, 0x184AC, 0x07B54, 0x0FF7F, 0x09679, 0x1A1C3, 0x10489, 0x150C2, 0x03FAA, 0x0F378, 0x0C540, 0x1DFEA, 0x1185D, 0x127DA, 0x00000, 0x0D826, 0x0E7A3, 0x02016, 0x13AC0, 0x10C88, 0x1C056, 0x0AF3E, 
	0x0FB77, 0x05E3D, 0x16987, 0x10081, 0x184AC, 0x07B54, 0x0FF7F, 0x09679, 0x1A1C3, 0x10489, 0x150C2, 0x03FAA, 0x0F378, 0x0C540, 0x1DFEA, 0x1185D, 0x127DA, 0x00000, 0x0D826, 0x0E7A3, 0x02016, 0x13AC0, 0x10C88, 0x1C056, 0x0AF3E, 0x0FB77, 0x05E3D, 0x16987, 0x10081, 0x184AC, 0x07B54, 0x0FF7F, 
	0x09679, 0x1A1C3, 0x10489, 0x150C2, 0x03FAA, 0x0F378, 0x0C540, 0x1DFEA, 0x1185D, 0x127DA, 0x00000, 0x0D826, 0x0E7A3, 0x02016, 0x13AC0, 0x10C88, 0x1C056, 0x0AF3E, 0x0FB77, 0x05E3D, 0x16987, 0x10081, 0x184AC, 0x07B54, 0x0FF7F, 0x09679, 0x1A1C3, 0x10489, 0x150C2, 0x03FAA, 0x0F378, 0x0C540, 
	0x1DFEA, 0x1185D, 0x127DA, 0x00000, 0x0D826, 0x0E7A3, 0x02016, 0x13AC0, 0x10C88, 0x1C056, 0x0AF3E, 0x0FB77, 0x05E3D, 0x16987, 0x10081, 0x184AC, 0x07B54, 0x0FF7F, 0x09679, 0x1A1C3, 0x10489, 0x150C2, 0x03FAA, 0x0F378, 0x0C540, 0x1DFEA, 0x1185D, 0x127DA, 0x00000, 0x0D826, 0x0E7A3, 0x02016, 
	0x13AC0, 0x10C88, 0x1C056, 0x0AF3E, 0x0FB77, 0x05E3D, 0x16987, 0x10081, 0x184AC, 0x07B54, 0x0FF7F, 0x09679, 0x1A1C3, 0x10489, 0x150C2, 0x03FAA, 0x0F378, 0x0C540, 0x1DFEA, 0x1185D, 0x127DA, 0x00000, 0x0D826, 0x0E7A3, 0x02016, 0x13AC0, 0x10C88, 0x1C056, 0x0AF3E, 0x0FB77, 0x05E3D, 0x16987, 
	0x10081, 0x184AC, 0x07B54, 0x0FF7F, 0x09679, 0x1A1C3, 0x10489, 0x150C2, 0x03FAA, 0x0F378, 0x0C540, 0x1DFEA, 0x1185D, 0x127DA, 0x00000, 0x0D826, 0x0E7A3, 0x02016, 0x13AC0, 0x10C88, 0x1C056, 0x0AF3E, 0x0FB77, 0x05E3D, 0x16987, 0x10081, 0x184AC, 0x07B54, 0x0FF7F, 0x09679, 0x1A1C3, 0x10489, 
	0x150C2, 0x03FAA, 0x0F378, 0x0C540, 0x1DFEA, 0x1185D, 0x127DA, 0x00000, 0x0D826, 0x0E7A3, 0x02016, 0x13AC0, 0x10C88, 0x1C056, 0x0AF3E, 0x0FB77, 0x05E3D, 0x16987, 0x10081, 0x184AC, 0x07B54, 0x0FF7F, 0x09679, 0x1A1C3, 0x10489, 0x150C2, 0x03FAA, 0x0F378, 0x0C540, 0x1DFEA, 0x1185D, 0x127DA, 
	0x00000, 0x0D826, 0x0E7A3, 0x02016, 0x13AC0, 0x10C88, 0x1C056, 0x0AF3E, 0x0FB77, 0x05E3D, 0x16987, 0x10081, 0x184AC, 0x07B54, 0x0FF7F, 0x09679, 0x1A1C3, 0x10489, 0x150C2, 0x03FAA, 0x0F378, 0x0C540, 0x1DFEA, 0x1185D, 0x127DA, 0x00000, 0x0D826, 0x0E7A3, 0x02016, 0x13AC0, 0x10C88, 0x1C056, 
	0x0AF3E, 0x0FB77, 0x05E3D, 0x16987, 0x10081, 0x184AC, 0x07B54, 0x0FF7F, 0x09679, 0x1A1C3, 0x10489, 0x150C2, 0x03FAA, 0x0F378, 0x0C540, 0x1DFEA, 0x1185D, 0x127DA, 0x00000, 0x0D826, 0x0E7A3, 0x02016, 0x13AC0, 0x10C88, 0x1C056, 0x0AF3E, 0x0FB77, 0x05E3D, 0x16987, 0x10081, 0x184AC, 0x07B54, 
	0x0FF7F, 0x09679, 0x1A1C3, 0x10489, 0x150C2, 0x03FAA, 0x0F378, 0x0C540, 0x1DFEA, 0x1185D, 0x127DA, 0x00000, 0x0D826, 0x0E7A3, 0x02016, 0x13AC0, 0x10C88, 0x1C056, 0x0AF3E, 0x0FB77, 0x05E3D, 0x16987, 0x10081, 0x184AC, 0x07B54, 0x0FF7F, 0x09679, 0x1A1C3, 0x10489, 0x150C2, 0x03FAA, 0x0F378, 
	0x0C540, 0x1DFEA, 0x1185D, 0x127DA, 0x00000, 0x0D826, 0x0E7A3, 0x02016, 0x13AC0, 0x10C88, 0x1C056, 0x0AF3E, 0x0FB77, 0x05E3D, 0x16987, 0x10081, 0x184AC, 0x07B54, 0x0FF7F, 0x09679, 0x1A1C3, 0x10489, 0x150C2, 0x03FAA, 0x0F378, 0x0C540, 0x1DFEA, 0x1185D, 0x127DA, 0x00000, 0x0D826, 0x0E7A3, 
	0x02016, 0x13AC0, 0x10C88, 0x1C056, 0x0AF3E, 0x0FB77, 0x05E3D, 0x16987, 0x10081, 0x184AC, 0x07B54, 0x0FF7F, 0x09679, 0x1A1C3, 0x10489, 0x150C2, 0x03FAA, 0x0F378, 0x0C540, 0x1DFEA, 0x1185D, 0x127DA, 0x00000, 0x0D826, 0x0E7A3, 0x02016, 0x13AC0, 0x10C88, 0x1C056, 0x0AF3E, 0x0FB77, 0x05E3D, 
	0x16987, 0x10081, 0x184AC, 0x07B54, 0x0FF7F, 0x09679, 0x1A1C3, 0x10489, 0x150C2, 0x03FAA, 0x0F378, 0x0C540, 0x1DFEA, 0x1185D, 0x127DA, 0x00000, 0x0D826, 0x0E7A3, 0x02016, 0x13AC0, 0x10C88, 0x1C056, 0x0AF3E, 0x0FB77, 0x05E3D, 0x16987, 0x10081, 0x184AC, 0x07B54, 0x0FF7F, 0x09679, 0x1A1C3, 
	0x10489, 0x150C2, 0x03FAA, 0x0F378, 0x0C540, 0x1DFEA, 0x1185D, 0x127DA, 0x00000, 0x0D826, 0x0E7A3, 0x02016, 0x13AC0, 0x10C88, 0x1C056, 0x0AF3E, 0x0FB77, 0x05E3D, 0x16987, 0x10081, 0x184AC, 0x07B54, 0x0FF7F, 0x09679, 0x1A1C3, 0x10489, 0x150C2, 0x03FAA, 0x0F378, 0x0C540, 0x1DFEA, 0x1185D, 
	0x127DA, 0x00000, 0x0D826, 0x0E7A3, 0x02016, 0x13AC0, 0x10C88, 0x1C056, 0x0AF3E, 0x0FB77, 0x05E3D, 0x16987, 0x10081, 0x184AC, 0x07B54, 0x0FF7F, 0x09679, 0x1A1C3, 0x10489, 0x150C2, 0x03FAA, 0x0F378, 0x0C540, 0x1DFEA, 0x1185D, 0x127DA, 0x00000, 0x0D826, 0x0E7A3, 0x02016, 0x13AC0, 0x10C88, 
	0x1C056, 0x0AF3E, 0x0FB77, 0x05E3D, 0x16987, 0x10081, 0x184AC, 0x07B54, 0x0FF7F, 0x09679, 0x1A1C3, 0x10489, 0x150C2, 0x03FAA, 0x0F378, 0x0C540, 0x1DFEA, 0x1185D, 0x127DA, 0x00000, 0x0D826, 0x0E7A3, 0x02016, 0x13AC0, 0x10C88, 0x1C056, 0x0AF3E, 0x0FB77, 0x05E3D, 0x16987, 0x10081, 0x184AC, 
	0x07B54, 0x0FF7F, 0x09679, 0x1A1C3, 0x10489, 0x150C2, 0x03FAA, 0x0F378, 0x0C540, 0x1DFEA, 0x1185D, 0x127DA, 0x00000, 0x0D826, 0x0E7A3, 0x02016, 0x13AC0, 0x10C88, 0x1C056, 0x0AF3E, 0x0FB77, 0x05E3D, 0x16987, 0x10081, 0x184AC, 0x07B54, 0x0FF7F, 0x09679, 0x1A1C3, 0x10489, 0x150C2, 0x03FAA, 
	0x0F378, 0x0C540, 0x1DFEA, 0x1185D, 0x127DA, 0x00000, 0x0D826, 0x0E7A3, 0x02016, 0x13AC0, 0x10C88, 0x1C056, 0x0AF3E, 0x0FB77, 0x05E3D, 0x16987, 0x10081, 0x184AC, 0x07B54, 0x0FF7F, 0x09679, 0x1A1C3, 0x10489, 0x150C2, 0x03FAA, 0x0F378, 0x0C540, 0x1DFEA, 0x1185D, 0x127DA, 0x00000, 0x0D826, 
	0x0E7A3, 0x02016, 0x13AC0, 0x10C88, 0x1C056, 0x0AF3E, 0x0FB77, 0x05E3D, 0x16987, 0x10081, 0x184AC, 0x07B54, 0x0FF7F, 0x09679, 0x1A1C3, 0x10489, 0x150C2, 0x03FAA, 0x0F378, 0x0C540, 0x1DFEA, 0x1185D, 0x127DA, 0x00000, 0x0D826, 0x0E7A3, 0x02016, 0x13AC0, 0x10C88, 0x1C056, 0x0AF3E, 0x0FB77, 
	0x05E3D, 0x16987, 0x10081, 0x184AC, 0x07B54, 0x0FF7F, 0x09679, 0x1A1C3, 0x10489, 0x150C2, 0x03FAA, 0x0F378, 0x0C540, 0x1DFEA, 0x1185D, 0x127DA, 0x00000, 0x0D826, 0x0E7A3, 0x02016, 0x13AC0, 0x10C88, 0x1C056, 0x0AF3E, 0x0FB77, 0x05E3D, 0x16987, 0x10081, 0x184AC, 0x07B54, 0x0FF7F, 0x09679, 
	0x1A1C3, 0x10489, 0x150C2, 0x03FAA, 0x0F378, 0x0C540, 0x1DFEA, 0x1185D, 0x127DA, 0x00000, 0x0D826, 0x0E7A3, 0x02016, 0x13AC0, 0x10C88, 0x1C056, 0x0AF3E, 0x0FB77, 0x05E3D, 0x16987, 0x10081, 0x184AC, 0x07B54, 0x0FF7F, 0x09679, 0x1A1C3, 0x10489, 0x150C2, 0x03FAA, 0x0F378, 0x0C540, 0x1DFEA, 
	0x1185D, 0x127DA, 0x00000, 0x0D826, 0x0E7A3, 0x02016, 0x13AC0, 0x10C88, 0x1C056, 0x0AF3E, 0x0FB77, 0x05E3D, 0x16987, 0x10081, 0x184AC, 0x07B54, 0x0FF7F, 0x09679, 0x1A1C3, 0x10489, 0x150C2, 0x03FAA, 0x0F378, 0x0C540, 0x1DFEA, 0x1185D, 0x127DA, 0x00000, 0x0D826, 0x0E7A3, 0x02016, 0x13AC0, 
	0x10C88, 0x1C056, 0x0AF3E, 0x0FB77, 0x05E3D, 0x16987, 0x10081, 0x184AC, 0x07B54, 0x0FF7F, 0x09679, 0x1A1C3, 0x10489, 0x150C2, 0x03FAA, 0x0F378, 0x0C540, 0x1DFEA, 0x1185D, 0x127DA, 0x00000, 0x0D826, 0x0E7A3, 0x02016, 0x13AC0, 0x10C88, 0x1C056, 0x0AF3E, 0x0FB77, 0x05E3D, 0x16987, 0x10081, 
	0x184AC, 0x07B54, 0x0FF7F, 0x09679, 0x1A1C3, 0x10489, 0x150C2, 0x03FAA, 0x0F378, 0x0C540, 0x1DFEA, 0x1185D, 0x127DA, 0x00000, 0x0D826, 0x0E7A3, 0x02016, 0x13AC0, 0x10C88, 0x1C056, 0x0AF3E, 0x0FB77, 0x05E3D, 0x16987, 0x10081, 0x184AC, 0x07B54, 0x0FF7F, 0x09679, 0x1A1C3, 0x10489, 0x150C2, 
	0x03FAA, 0x0F378, 0x0C540, 0x1DFEA, 0x1185D, 0x127DA, 0x00000, 0x0D826, 0x0E7A3, 0x02016, 0x13AC0, 0x10C88, 0x1C056, 0x0AF3E, 0x0FB77, 0x05E3D, 0x16987, 0x10081, 0x184AC, 0x07B54, 0x0FF7F, 0x09679, 0x1A1C3, 0x10489, 0x150C2, 0x03FAA, 0x0F378, 0x0C540, 0x1DFEA, 0x1185D, 0x127DA, 0x00000, 
	0x0D826, 0x0E7A3, 0x02016, 0x13AC0, 0x10C88, 0x1C056, 0x0AF3E, 0x0FB77, 0x05E3D, 0x16987, 0x10081, 0x184AC, 0x07B54, 0x0FF7F, 0x09679, 0x1A1C3, 0x10489, 0x150C2, 0x03FAA, 0x0F378, 0x0C540, 0x1DFEA, 0x1185D, 0x127DA, 0x00000, 0x0D826, 0x0E7A3, 0x02016, 0x13AC0, 0x10C88, 0x1C056, 0x0AF3E, 
	0x0FB77, 0x05E3D, 0x16987, 0x10081, 0x184AC, 0x07B54, 0x0FF7F, 0x09679, 0x1A1C3, 0x10489, 0x150C2, 0x03FAA, 0x0F378, 0x0C540, 0x1DFEA, 0x1185D, 0x127DA, 0x00000, 0x0D826, 0x0E7A3, 0x02016, 0x13AC0, 0x10C88, 0x1C056, 0x0AF3E, 0x0FB77, 0x05E3D, 0x16987, 0x10081, 0x184AC, 0x07B54, 0x0FF7F, 
	0x09679, 0x1A1C3, 0x10489, 0x150C2, 0x03FAA, 0x0F378, 0x0C540, 0x1DFEA, 0x1185D, 0x127DA, 0x00000, 0x0D826, 0x0E7A3, 0x02016, 0x13AC0, 0x10C88, 0x1C056, 0x0AF3E, 0x0FB77, 0x05E3D, 0x16987, 0x10081, 0x184AC, 0x07B54, 0x0FF7F, 0x09679, 0x1A1C3, 0x10489, 0x150C2, 0x03FAA, 0x0F378, 0x0C540, 
	0x1DFEA, 0x1185D, 0x127DA, 0x00000, 0x0D826, 0x0E7A3, 0x02016, 0x13AC0, 0x10C88, 0x1C056, 0x0AF3E, 0x0FB77, 0x05E3D, 0x16987, 0x10081, 0x184AC, 0x07B54, 0x0FF7F, 0x09679, 0x1A1C3, 0x10489, 0x150C2, 0x03FAA, 0x0F378, 0x0C540, 0x1DFEA, 0x1185D, 0x127DA, 0x00000, 0x0D826, 0x0E7A3, 0x02016, 
	0x13AC0, 0x10C88, 0x1C056, 0x0AF3E, 0x0FB77, 0x05E3D, 0x16987, 0x10081, 0x184AC, 0x07B54, 0x0FF7F, 0x09679, 0x1A1C3, 0x10489, 0x150C2, 0x03FAA, 0x0F378, 0x0C540, 0x1DFEA, 0x1185D, 0x127DA, 0x00000, 0x0D826, 0x0E7A3, 0x02016, 0x13AC0, 0x10C88, 0x1C056, 0x0AF3E, 0x0FB77, 0x05E3D, 0x16987, 
	0x10081, 0x184AC, 0x07B54, 0x0FF7F, 0x09679, 0x1A1C3, 0x10489, 0x150C2, 0x03FAA, 0x0F378, 0x0C540, 0x1DFEA, 0x1185D, 0x127DA, 0x00000, 0x0D826, 0x0E7A3, 0x02016, 0x13AC0, 0x10C88, 0x1C056, 0x0AF3E, 0x0FB77, 0x05E3D, 0x16987, 0x10081, 0x184AC, 0x07B54, 0x0FF7F, 0x09679, 0x1A1C3, 0x10489, 
	0x150C2, 0x03FAA, 0x0F378, 0x0C540, 0x1DFEA, 0x1185D, 0x127DA, 0x00000, 0x0D826, 0x0E7A3, 0x02016, 0x13AC0, 0x10C88, 0x1C056, 0x0AF3E, 0x0FB77, 0x05E3D, 0x16987, 0x10081, 0x184AC, 0x07B54, 0x0FF7F, 0x09679, 0x1A1C3, 0x10489, 0x150C2, 0x03FAA, 0x0F378, 0x0C540, 0x1DFEA, 0x1185D, 0x127DA, 
	0x00000, 0x0D826, 0x0E7A3, 0x02016, 0x13AC0, 0x10C88, 0x1C056, 0x0AF3E, 0x0FB77, 0x05E3D, 0x16987, 0x10081, 0x184AC, 0x07B54, 0x0FF7F, 0x09679, 0x1A1C3, 0x10489, 0x150C2, 0x03FAA, 0x0F378, 0x0C540, 0x1DFEA, 0x1185D, 0x127DA, 0x00000, 0x0D826, 0x0E7A3, 0x02016, 0x13AC0, 0x10C88, 0x1C056, 
	0x0AF3E, 0x0FB77, 0x05E3D, 0x16987, 0x10081, 0x184AC, 0x07B54, 0x0FF7F, 0x09679, 0x1A1C3, 0x10489, 0x150C2, 0x03FAA, 0x0F378, 0x0C540, 0x1DFEA, 0x1185D, 0x127DA, 0x00000, 0x0D826, 0x0E7A3, 0x02016, 0x13AC0, 0x10C88, 0x1C056, 0x0AF3E, 0x0FB77, 0x05E3D, 0x16987, 0x10081, 0x184AC, 0x07B54, 
	0x0FF7F, 0x09679, 0x1A1C3, 0x10489, 0x150C2, 0x03FAA, 0x0F378, 0x0C540, 0x1DFEA, 0x1185D, 0x127DA, 0x00000, 0x0D826, 0x0E7A3, 0x02016, 0x13AC0, 0x10C88, 0x1C056, 0x0AF3E, 0x0FB77, 0x05E3D, 0x16987, 0x10081, 0x184AC, 0x07B54, 0x0FF7F, 0x09679, 0x1A1C3, 0x10489, 0x150C2, 0x03FAA, 0x0F378, 
	0x0C540, 0x1DFEA, 0x1185D, 0x127DA, 0x00000, 0x0D826, 0x0E7A3, 0x02016, 0x13AC0, 0x10C88, 0x1C056, 0x0AF3E, 0x0FB77, 0x05E3D, 0x16987, 0x10081, 0x184AC, 0x07B54, 0x0FF7F, 0x09679, 0x1A1C3, 0x10489, 0x150C2, 0x03FAA, 0x0F378, 0x0C540, 0x1DFEA, 0x1185D, 0x127DA, 0x00000, 0x0D826, 0x0E7A3, 
	0x02016, 0x13AC0, 0x10C88, 0x1C056, 0x0AF3E, 0x0FB77, 0x05E3D, 0x16987, 0x10081, 0x184AC, 0x07B54, 0x0FF7F, 0x09679, 0x1A1C3, 0x10489, 0x150C2, 0x03FAA, 0x0F378, 0x0C540, 0x1DFEA, 0x1185D, 0x127DA, 0x00000, 0x0D826, 0x0E7A3, 0x02016, 0x13AC0, 0x10C88, 0x1C056, 0x0AF3E, 0x0FB77, 0x05E3D, 
	0x16987, 0x10081, 0x184AC, 0x07B54, 0x0FF7F, 0x09679, 0x1A1C3, 0x10489, 0x150C2, 0x03FAA, 0x0F378, 0x0C540, 0x1DFEA, 0x1185D, 0x127DA, 0x00000, 0x0D826, 0x0E7A3, 0x02016, 0x13AC0, 0x10C88, 0x1C056, 0x0AF3E, 0x0FB77, 0x05E3D, 0x16987, 0x10081, 0x184AC, 0x07B54, 0x0FF7F, 0x09679, 0x1A1C3, 
	0x10489, 0x150C2, 0x03FAA, 0x0F378, 0x0C540, 0x1DFEA, 0x1185D, 0x127DA, 0x00000, 0x0D826, 0x0E7A3, 0x02016, 0x13AC0, 0x10C88, 0x1C056, 0x0AF3E, 0x0FB77, 0x05E3D, 0x16987, 0x10081, 0x184AC, 0x07B54, 0x0FF7F, 0x09679, 0x1A1C3, 0x10489, 0x150C2, 0x03FAA, 0x0F378, 0x0C540, 0x1DFEA, 0x1185D, 
	0x127DA, 0x00000, 0x0D826, 0x0E7A3, 0x02016, 0x13AC0, 0x10C88, 0x1C056, 0x0AF3E, 0x0FB77, 0x05E3D, 0x16987, 0x10081, 0x184AC, 0x07B54, 0x0FF7F, 0x09679, 0x1A1C3, 0x10489, 0x150C2, 0x03FAA, 0x0F378, 0x0C540, 0x1DFEA, 0x1185D, 0x127DA, 0x00000, 0x0D826, 0x0E7A3, 0x02016, 0x13AC0, 0x10C88, 
	0x1C056, 0x0AF3E, 0x0FB77, 0x05E3D, 0x16987, 0x10081, 0x184AC, 0x07B54, 0x0FF7F, 0x09679, 0x1A1C3, 0x10489, 0x150C2, 0x03FAA, 0x0F378, 0x0C540, 0x1DFEA, 0x1185D, 0x127DA, 0x00000, 0x0D826, 0x0E7A3, 0x02016, 0x13AC0, 0x10C88, 0x1C056, 0x0AF3E, 0x0FB77, 0x05E3D, 0x16987, 0x10081, 0x184AC, 
	0x07B54, 0x0FF7F, 0x09679, 0x1A1C3, 0x10489, 0x150C2, 0x03FAA, 0x0F378, 0x0C540, 0x1DFEA, 0x1185D, 0x127DA, 0x00000, 0x0D826, 0x0E7A3, 0x02016, 0x13AC0, 0x10C88, 0x1C056, 0x0AF3E, 0x0FB77, 0x05E3D, 0x16987, 0x10081, 0x184AC, 0x07B54, 0x0FF7F, 0x09679, 0x1A1C3, 0x10489, 0x150C2, 0x03FAA, 
	0x0F378, 0x0C540, 0x1DFEA, 0x1185D, 0x127DA, 0x00000, 0x0D826, 0x0E7A3, 0x02016, 0x13AC0, 0x10C88, 0x1C056, 0x0AF3E, 0x0FB77, 0x05E3D, 0x16987, 0x10081, 0x184AC, 0x07B54, 0x0FF7F, 0x09679, 0x1A1C3, 0x10489, 0x150C2, 0x03FAA, 0x0F378, 0x0C540, 0x1DFEA, 0x1185D, 0x127DA, 0x00000, 0x0D826, 
	0x0E7A3, 0x02016, 0x13AC0, 0x10C88, 0x1C056, 0x0AF3E, 0x0FB77, 0x05E3D, 0x16987, 0x10081, 0x184AC, 0x07B54, 0x0FF7F, 0x09679, 0x1A1C3, 0x10489, 0x150C2, 0x03FAA, 0x0F378, 0x0C540, 0x1DFEA, 0x1185D, 0x127DA, 0x00000, 0x0D826, 0x0E7A3, 0x02016, 0x13AC0, 0x10C88, 0x1C056, 0x0AF3E, 0x0FB77, 
	0x05E3D, 0x16987, 0x10081, 0x184AC, 0x07B54, 0x0FF7F, 0x09679, 0x1A1C3, 0x10489, 0x150C2, 0x03FAA, 0x0F378, 0x0C540, 0x1DFEA, 0x1185D, 0x127DA, 0x00000, 0x0D826, 0x0E7A3, 0x02016, 0x13AC0, 0x10C88, 0x1C056, 0x0AF3E, 0x0FB77, 0x05E3D, 0x16987, 0x10081, 0x184AC, 0x07B54, 0x0FF7F, 0x09679, 
	0x1A1C3, 0x10489, 0x150C2, 0x03FAA, 0x0F378, 0x0C540, 0x1DFEA, 0x1185D, 0x127DA, 0x00000, 0x0D826, 0x0E7A3, 0x02016, 0x13AC0, 0x10C88, 0x1C056, 0x0AF3E, 0x0FB77, 0x05E3D, 0x16987, 0x10081, 0x184AC, 0x07B54, 0x0FF7F, 0x09679, 0x1A1C3, 0x10489, 0x150C2, 0x03FAA, 0x0F378, 0x0C540, 0x1DFEA, 
	0x1185D, 0x127DA, 0x00000, 0x0D826, 0x0E7A3, 0x02016, 0x13AC0, 0x10C88, 0x1C056, 0x0AF3E, 0x0FB77, 0x05E3D, 0x16987, 0x10081, 0x184AC, 0x07B54, 0x0FF7F, 0x09679, 0x1A1C3, 0x10489, 0x150C2, 0x03FAA, 0x0F378, 0x0C540, 0x1DFEA, 0x1185D, 0x127DA, 0x00000, 0x0D826, 0x0E7A3, 0x02016, 0x13AC0, 
	0x10C88, 0x1C056, 0x0AF3E, 0x0FB77, 0x05E3D, 0x16987, 0x10081, 0x184AC, 0x07B54, 0x0FF7F, 0x09679, 0x1A1C3, 0x10489, 0x150C2, 0x03FAA, 0x0F378, 0x0C540, 0x1DFEA, 0x1185D, 0x127DA, 0x00000, 0x0D826, 0x0E7A3, 0x02016, 0x13AC0, 0x10C88, 0x1C056, 0x0AF3E, 0x0FB77, 0x05E3D, 0x16987, 0x10081, 
	0x184AC, 0x07B54, 0x0FF7F, 0x09679, 0x1A1C3, 0x10489, 0x150C2, 0x03FAA, 0x0F378, 0x0C540, 0x1DFEA, 0x1185D, 0x127DA, 0x00000, 0x0D826, 0x0E7A3, 0x02016, 0x13AC0, 0x10C88, 0x1C056, 0x0AF3E, 0x0FB77, 0x05E3D, 0x16987, 0x10081, 0x184AC, 0x07B54, 0x0FF7F, 0x09679, 0x1A1C3, 0x10489, 0x150C2, 
	0x03FAA, 0x0F378, 0x0C540, 0x1DFEA, 0x1185D, 0x127DA, 0x00000, 0x0D826, 0x0E7A3, 0x02016, 0x13AC0, 0x10C88, 0x1C056, 0x0AF3E, 0x0FB77, 0x05E3D, 0x16987, 0x10081, 0x184AC, 0x07B54, 0x0FF7F, 0x09679, 0x1A1C3, 0x10489, 0x150C2, 0x03FAA, 0x0F378, 0x0C540, 0x1DFEA, 0x1185D, 0x127DA, 0x00000, 
	0x0D826, 0x0E7A3, 0x02016, 0x13AC0, 0x10C88, 0x1C056, 0x0AF3E, 0x0FB77, 0x05E3D, 0x16987, 0x10081, 0x184AC, 0x07B54, 0x0FF7F, 0x09679, 0x1A1C3, 0x10489, 0x150C2, 0x03FAA, 0x0F378, 0x0C540, 0x1DFEA, 0x1185D, 0x127DA, 0x00000, 0x0D826, 0x0E7A3, 0x02016, 0x13AC0, 0x10C88, 0x1C056, 0x0AF3E, 
	0x0FB77, 0x05E3D, 0x16987, 0x10081, 0x184AC, 0x07B54, 0x0FF7F, 0x09679, 0x1A1C3, 0x10489, 0x150C2, 0x03FAA, 0x0F378, 0x0C540, 0x1DFEA, 0x1185D, 0x127DA, 0x00000, 0x0D826, 0x0E7A3, 0x02016, 0x13AC0, 0x10C88, 0x1C056, 0x0AF3E, 0x0FB77, 0x05E3D, 0x16987, 0x10081, 0x184AC, 0x07B54, 0x0FF7F, 
	0x09679, 0x1A1C3, 0x10489, 0x150C2, 0x03FAA, 0x0F378, 0x0C540, 0x1DFEA, 0x1185D, 0x127DA, 0x00000, 0x0D826, 0x0E7A3, 0x02016, 0x13AC0, 0x10C88, 0x1C056, 0x0AF3E, 0x0FB77, 0x05E3D, 0x16987, 0x10081, 0x184AC, 0x07B54, 0x0FF7F, 0x09679, 0x1A1C3, 0x10489, 0x150C2, 0x03FAA, 0x0F378, 0x0C540, 
	0x1DFEA, 0x1185D, 0x127DA, 0x00000, 0x0D826, 0x0E7A3, 0x02016, 0x13AC0, 0x10C88, 0x1C056, 0x0AF3E, 0x0FB77, 0x05E3D, 0x16987, 0x10081, 0x184AC, 0x07B54, 0x0FF7F, 0x09679, 0x1A1C3, 0x10489, 0x150C2, 0x03FAA, 0x0F378, 0x0C540, 0x1DFEA, 0x1185D, 0x127DA, 0x00000, 0x0D826, 0x0E7A3, 0x02016, 
	0x13AC0, 0x10C88, 0x1C056, 0x0AF3E, 0x0FB77, 0x05E3D, 0x16987, 0x10081, 0x184AC, 0x07B54, 0x0FF7F, 0x09679, 0x1A1C3, 0x10489, 0x150C2, 0x03FAA, 0x0F378, 0x0C540, 0x1DFEA, 0x1185D, 0x127DA, 0x00000, 0x0D826, 0x0E7A3, 0x02016, 0x13AC0, 0x10C88, 0x1C056, 0x0AF3E, 0x0FB77, 0x05E3D, 0x16987, 
	0x10081, 0x184AC, 0x07B54, 0x0FF7F, 0x09679, 0x1A1C3, 0x10489, 0x150C2, 0x03FAA, 0x0F378, 0x0C540, 0x1DFEA, 0x1185D, 0x127DA, 0x00000, 0x0D826, 0x0E7A3, 0x02016, 0x13AC0, 0x10C88, 0x1C056, 0x0AF3E, 0x0FB77, 0x05E3D, 0x16987, 0x10081, 0x184AC, 0x07B54, 0x0FF7F, 0x09679, 0x1A1C3, 0x10489, 
	0x150C2, 0x03FAA, 0x0F378, 0x0C540, 0x1DFEA, 0x1185D, 0x127DA, 0x00000, 0x0D826, 0x0E7A3, 0x02016, 0x13AC0, 0x10C88, 0x1C056, 0x0AF3E, 0x0FB77, 0x05E3D, 0x16987, 0x10081, 0x184AC, 0x07B54, 0x0FF7F, 0x09679, 0x1A1C3, 0x10489, 0x150C2, 0x03FAA, 0x0F378, 0x0C540, 0x1DFEA, 0x1185D, 0x127DA, 
	0x00000, 0x0D826, 0x0E7A3, 0x02016, 0x13AC0, 0x10C88, 0x1C056, 0x0AF3E, 0x0FB77, 0x05E3D, 0x16987, 0x10081, 0x184AC, 0x07B54, 0x0FF7F, 0x09679, 0x1A1C3, 0x10489, 0x150C2, 0x03FAA, 0x0F378, 0x0C540, 0x1DFEA, 0x1185D, 0x127DA, 0x00000, 0x0D826, 0x0E7A3, 0x02016, 0x13AC0, 0x10C88, 0x1C056, 
	0x0AF3E, 0x0FB77, 0x05E3D, 0x16987, 0x10081, 0x184AC, 0x07B54, 0x0FF7F, 0x09679, 0x1A1C3, 0x10489, 0x150C2, 0x03FAA, 0x0F378, 0x0C540, 0x1DFEA, 0x1185D, 0x127DA, 0x00000, 0x0D826, 0x0E7A3, 0x02016, 0x13AC0, 0x10C88, 0x1C056, 0x0AF3E, 0x0FB77, 0x05E3D, 0x16987, 0x10081, 0x184AC, 0x07B54, 
	0x0FF7F, 0x09679, 0x1A1C3, 0x10489, 0x150C2, 0x03FAA, 0x0F378, 0x0C540, 0x1DFEA, 0x1185D, 0x127DA, 0x00000, 0x0D826, 0x0E7A3, 0x02016, 0x13AC0, 0x10C88, 0x1C056, 0x0AF3E, 0x0FB77, 0x05E3D, 0x16987, 0x10081, 0x184AC, 0x07B54, 0x0FF7F, 0x09679, 0x1A1C3, 0x10489, 0x150C2, 0x03FAA, 0x0F378, 
	0x0C540, 0x1DFEA, 0x1185D, 0x127DA, 0x00000, 0x0D826, 0x0E7A3, 0x02016, 0x13AC0, 0x10C88, 0x1C056, 0x0AF3E, 0x0FB77, 0x05E3D, 0x16987, 0x10081, 0x184AC, 0x07B54, 0x0FF7F, 0x09679, 0x1A1C3, 0x10489, 0x150C2, 0x03FAA, 0x0F378, 0x0C540, 0x1DFEA, 0x1185D, 0x127DA, 0x00000, 0x0D826, 0x0E7A3, 
	0x02016, 0x13AC0, 0x10C88, 0x1C056, 0x0AF3E, 0x0FB77, 0x05E3D, 0x16987, 0x10081, 0x184AC, 0x07B54, 0x0FF7F, 0x09679, 0x1A1C3, 0x10489, 0x150C2, 0x03FAA, 0x0F378, 0x0C540, 0x1DFEA, 0x1185D, 0x127DA, 0x00000, 0x0D826, 0x0E7A3, 0x02016, 0x13AC0, 0x10C88, 0x1C056, 0x0AF3E, 0x0FB77, 0x05E3D, 
	0x16987, 0x10081, 0x184AC, 0x07B54, 0x0FF7F, 0x09679, 0x1A1C3, 0x10489, 0x150C2, 0x03FAA, 0x0F378, 0x0C540, 0x1DFEA, 0x1185D, 0x127DA, 0x00000, 0x0D826, 0x0E7A3, 0x02016, 0x13AC0, 0x10C88, 0x1C056, 0x0AF3E, 0x0FB77, 0x05E3D, 0x16987, 0x10081, 0x184AC, 0x07B54, 0x0FF7F, 0x09679, 0x1A1C3, 
	0x10489, 0x150C2, 0x03FAA, 0x0F378, 0x0C540, 0x1DFEA, 0x1185D, 0x127DA, 0x00000, 0x0D826, 0x0E7A3, 0x02016, 0x13AC0, 0x10C88, 0x1C056, 0x0AF3E, 0x0FB77, 0x05E3D, 0x16987, 0x10081, 0x184AC, 0x07B54, 0x0FF7F, 0x09679, 0x1A1C3, 0x10489, 0x150C2, 0x03FAA, 0x0F378, 0x0C540, 0x1DFEA, 0x1185D, 
	0x127DA, 0x00000, 0x0D826, 0x0E7A3, 0x02016, 0x13AC0, 0x10C88, 0x1C056, 0x0AF3E, 0x0FB77, 0x05E3D, 0x16987, 0x10081, 0x184AC, 0x07B54, 0x0FF7F, 0x09679, 0x1A1C3, 0x10489, 0x150C2, 0x03FAA, 0x0F378, 0x0C540, 0x1DFEA, 0x1185D, 0x127DA, 0x00000, 0x0D826, 0x0E7A3, 0x02016, 0x13AC0, 0x10C88, 
	0x1C056, 0x0AF3E, 0x0FB77, 0x05E3D, 0x16987, 0x10081, 0x184AC, 0x07B54, 0x0FF7F, 0x09679, 0x1A1C3, 0x10489, 0x150C2, 0x03FAA, 0x0F378, 0x0C540, 0x1DFEA, 0x1185D, 0x127DA, 0x00000, 0x0D826, 0x0E7A3, 0x02016, 0x13AC0, 0x10C88, 0x1C056, 0x0AF3E, 0x0FB77, 0x05E3D, 0x16987, 0x10081, 0x184AC, 
	0x07B54, 0x0FF7F, 0x09679, 0x1A1C3, 0x10489, 0x150C2, 0x03FAA, 0x0F378, 0x0C540, 0x1DFEA, 0x1185D, 0x127DA, 0x00000, 0x0D826, 0x0E7A3, 0x02016, 0x13AC0, 0x10C88, 0x1C056, 0x0AF3E, 0x0FB77, 0x05E3D, 0x16987, 0x10081, 0x184AC, 0x07B54, 0x0FF7F, 0x09679, 0x1A1C3, 0x10489, 0x150C2, 0x03FAA, 
	0x0F378, 0x0C540, 0x1DFEA, 0x1185D, 0x127DA, 0x00000, 0x0D826, 0x0E7A3, 0x02016, 0x13AC0, 0x10C88, 0x1C056, 0x0AF3E, 0x0FB77, 0x05E3D, 0x16987, 0x10081, 0x184AC, 0x07B54, 0x0FF7F, 0x09679, 0x1A1C3, 0x10489, 0x150C2, 0x03FAA, 0x0F378, 0x0C540, 0x1DFEA, 0x1185D, 0x127DA, 0x00000, 0x0D826, 
	0x0E7A3, 0x02016, 0x13AC0, 0x10C88, 0x1C056, 0x0AF3E, 0x0FB77, 0x05E3D, 0x16987, 0x10081, 0x184AC, 0x07B54, 0x0FF7F, 0x09679, 0x1A1C3, 0x10489, 0x150C2, 0x03FAA, 0x0F378, 0x0C540, 0x1DFEA, 0x1185D, 0x127DA, 0x00000, 0x0D826, 0x0E7A3, 0x02016, 0x13AC0, 0x10C88, 0x1C056, 0x0AF3E, 0x0FB77, 
	0x05E3D, 0x16987, 0x10081, 0x184AC, 0x07B54, 0x0FF7F, 0x09679, 0x1A1C3, 0x10489, 0x150C2, 0x03FAA, 0x0F378, 0x0C540, 0x1DFEA, 0x1185D, 0x127DA, 0x00000, 0x0D826, 0x0E7A3, 0x02016, 0x13AC0, 0x10C88, 0x1C056, 0x0AF3E, 0x0FB77, 0x05E3D, 0x16987, 0x10081, 0x184AC, 0x07B54, 0x0FF7F, 0x09679, 
	0x1A1C3, 0x10489, 0x150C2, 0x03FAA, 0x0F378, 0x0C540, 0x1DFEA, 0x1185D, 0x127DA, 0x00000, 0x0D826, 0x0E7A3, 0x02016, 0x13AC0, 0x10C88, 0x1C056, 0x0AF3E, 0x0FB77, 0x05E3D, 0x16987, 0x10081, 0x184AC, 0x07B54, 0x0FF7F, 0x09679, 0x1A1C3, 0x10489, 0x150C2, 0x03FAA, 0x0F378, 0x0C540, 0x1DFEA, 
	0x1185D, 0x127DA, 0x00000, 0x0D826, 0x0E7A3, 0x02016, 0x13AC0, 0x10C88, 0x1C056, 0x0AF3E, 0x0FB77, 0x05E3D, 0x16987, 0x10081, 0x184AC, 0x07B54, 0x0FF7F, 0x09679, 0x1A1C3, 0x10489, 0x150C2, 0x03FAA, 0x0F378, 0x0C540, 0x1DFEA, 0x1185D, 0x127DA, 0x00000, 0x0D826, 0x0E7A3, 0x02016, 0x13AC0, 
	0x10C88, 0x1C056, 0x0AF3E, 0x0FB77, 0x05E3D, 0x16987, 0x10081, 0x184AC, 0x07B54, 0x0FF7F, 0x09679, 0x1A1C3, 0x10489, 0x150C2, 0x03FAA, 0x0F378, 0x0C540, 0x1DFEA, 0x1185D, 0x127DA, 0x00000, 0x0D826, 0x0E7A3, 0x02016, 0x13AC0, 0x10C88, 0x1C056, 0x0AF3E, 0x0FB77, 0x05E3D, 0x16987, 0x10081, 
	0x184AC, 0x07B54, 0x0FF7F, 0x09679, 0x1A1C3, 0x10489, 0x150C2, 0x03FAA, 0x0F378, 0x0C540, 0x1DFEA, 0x1185D, 0x127DA, 0x00000, 0x0D826, 0x0E7A3, 0x02016, 0x13AC0, 0x10C88, 0x1C056, 0x0AF3E, 0x0FB77, 0x05E3D, 0x16987, 0x10081, 0x184AC, 0x07B54, 0x0FF7F, 0x09679, 0x1A1C3, 0x10489, 0x150C2, 
	0x03FAA, 0x0F378, 0x0C540, 0x1DFEA, 0x1185D, 0x127DA, 0x00000, 0x0D826, 0x0E7A3, 0x02016, 0x13AC0, 0x10C88, 0x1C056, 0x0AF3E, 0x0FB77, 0x05E3D, 0x16987, 0x10081, 0x184AC, 0x07B54, 0x0FF7F, 0x09679, 0x1A1C3, 0x10489, 0x150C2, 0x03FAA, 0x0F378, 0x0C540, 0x1DFEA, 0x1185D, 0x127DA, 0x00000, 
	0x0D826, 0x0E7A3, 0x02016, 0x13AC0, 0x10C88, 0x1C056, 0x0AF3E, 0x0FB77, 0x05E3D, 0x16987, 0x10081, 0x184AC, 0x07B54, 0x0FF7F, 0x09679, 0x1A1C3, 0x10489, 0x150C2, 0x03FAA, 0x0F378, 0x0C540, 0x1DFEA, 0x1185D, 0x127DA, 0x00000, 0x0D826, 0x0E7A3, 0x02016, 0x13AC0, 0x10C88, 0x1C056, 0x0AF3E, 
	0x0FB77, 0x05E3D, 0x16987, 0x10081, 0x184AC, 0x07B54, 0x0FF7F, 0x09679, 0x1A1C3, 0x10489, 0x150C2, 0x03FAA, 0x0F378, 0x0C540, 0x1DFEA, 0x1185D, 0x127DA, 0x00000, 0x0D826, 0x0E7A3, 0x02016, 0x13AC0, 0x10C88, 0x1C056, 0x0AF3E, 0x0FB77, 0x05E3D, 0x16987, 0x10081, 0x184AC, 0x07B54, 0x0FF7F, 
	0x09679, 0x1A1C3, 0x10489, 0x150C2, 0x03FAA, 0x0F378, 0x0C540, 0x1DFEA, 0x1185D, 0x127DA, 0x00000, 0x0D826, 0x0E7A3, 0x02016, 0x13AC0, 0x10C88, 0x1C056, 0x0AF3E, 0x0FB77, 0x05E3D, 0x16987, 0x10081, 0x184AC, 0x07B54, 0x0FF7F, 0x09679, 0x1A1C3, 0x10489, 0x150C2, 0x03FAA, 0x0F378, 0x0C540, 
	0x1DFEA, 0x1185D, 0x127DA, 0x00000, 0x0D826, 0x0E7A3, 0x02016, 0x13AC0, 0x10C88, 0x1C056, 0x0AF3E, 0x0FB77, 0x05E3D, 0x16987, 0x10081, 0x184AC, 0x07B54, 0x0FF7F, 0x09679, 0x1A1C3, 0x10489, 0x150C2, 0x03FAA, 0x0F378, 0x0C540, 0x1DFEA, 0x1185D, 0x127DA, 0x00000, 0x0D826, 0x0E7A3, 0x02016, 
	0x13AC0, 0x10C88, 0x1C056, 0x0AF3E, 0x0FB77, 0x05E3D, 0x16987, 0x10081, 0x184AC, 0x07B54, 0x0FF7F, 0x09679, 0x1A1C3, 0x10489, 0x150C2, 0x03FAA, 0x0F378, 0x0C540, 0x1DFEA, 0x1185D, 0x127DA, 0x00000, 0x0D826, 0x0E7A3, 0x02016, 0x13AC0, 0x10C88, 0x1C056, 0x0AF3E, 0x0FB77, 0x05E3D, 0x16987, 
	0x10081, 0x184AC, 0x07B54, 0x0FF7F, 0x09679, 0x1A1C3, 0x10489, 0x150C2, 0x03FAA, 0x0F378, 0x0C540, 0x1DFEA, 0x1185D, 0x127DA, 0x00000, 0x0D826, 0x0E7A3, 0x02016, 0x13AC0, 0x10C88, 0x1C056, 0x0AF3E, 0x0FB77, 0x05E3D, 0x16987, 0x10081, 0x184AC, 0x07B54, 0x0FF7F, 0x09679, 0x1A1C3, 0x10489, 
	0x150C2, 0x03FAA, 0x0F378, 0x0C540, 0x1DFEA, 0x1185D, 0x127DA, 0x00000, 0x0D826, 0x0E7A3, 0x02016, 0x13AC0, 0x10C88, 0x1C056, 0x0AF3E, 0x0FB77, 0x05E3D, 0x16987, 0x10081, 0x184AC, 0x07B54, 0x0FF7F, 0x09679, 0x1A1C3, 0x10489, 0x150C2, 0x03FAA, 0x0F378, 0x0C540, 0x1DFEA, 0x1185D, 0x127DA, 
	0x00000, 0x0D826, 0x0E7A3, 0x02016, 0x13AC0, 0x10C88, 0x1C056, 0x0AF3E, 0x0FB77, 0x05E3D, 0x16987, 0x10081, 0x184AC, 0x07B54, 0x0FF7F, 0x09679, 0x1A1C3, 0x10489, 0x150C2, 0x03FAA, 0x0F378, 0x0C540, 0x1DFEA, 0x1185D, 0x127DA, 0x00000, 0x0D826, 0x0E7A3, 0x02016, 0x13AC0, 0x10C88, 0x1C056, 
	0x0AF3E, 0x0FB77, 0x05E3D, 0x16987, 0x10081, 0x184AC, 0x07B54, 0x0FF7F, 0x09679, 0x1A1C3, 0x10489, 0x150C2, 0x03FAA, 0x0F378, 0x0C540, 0x1DFEA, 0x1185D, 0x127DA, 0x00000, 0x0D826, 0x0E7A3, 0x02016, 0x13AC0, 0x10C88, 0x1C056, 0x0AF3E, 0x0FB77, 0x05E3D, 0x16987, 0x10081, 0x184AC, 0x07B54, 
	0x0FF7F, 0x09679, 0x1A1C3, 0x10489, 0x150C2, 0x03FAA, 0x0F378, 0x0C540, 0x1DFEA, 0x1185D, 0x127DA, 0x00000, 0x0D826, 0x0E7A3, 0x02016, 0x13AC0, 0x10C88, 0x1C056, 0x0AF3E, 0x0FB77, 0x05E3D, 0x16987, 0x10081, 0x184AC, 0x07B54, 0x0FF7F, 0x09679, 0x1A1C3, 0x10489, 0x150C2, 0x03FAA, 0x0F378, 
	0x0C540, 0x1DFEA, 0x1185D, 0x127DA, 0x00000, 0x0D826, 0x0E7A3, 0x02016, 0x13AC0, 0x10C88, 0x1C056, 0x0AF3E, 0x0FB77, 0x05E3D, 0x16987, 0x10081, 0x184AC, 0x07B54, 0x0FF7F, 0x09679, 0x1A1C3, 0x10489, 0x150C2, 0x03FAA, 0x0F378, 0x0C540, 0x1DFEA, 0x1185D, 0x127DA, 0x00000, 0x0D826, 0x0E7A3, 
	0x02016, 0x13AC0, 0x10C88, 0x1C056, 0x0AF3E, 0x0FB77, 0x05E3D, 0x16987, 0x10081, 0x184AC, 0x07B54, 0x0FF7F, 0x09679, 0x1A1C3, 0x10489, 0x150C2, 0x03FAA, 0x0F378, 0x0C540, 0x1DFEA, 0x1185D, 0x127DA, 0x00000, 0x0D826, 0x0E7A3, 0x02016, 0x13AC0, 0x10C88, 0x1C056, 0x0AF3E, 0x0FB77, 0x05E3D, 
	0x16987, 0x10081, 0x184AC, 0x07B54, 0x0FF7F, 0x09679, 0x1A1C3, 0x10489, 0x150C2, 0x03FAA, 0x0F378, 0x0C540, 0x1DFEA, 0x1185D, 0x127DA, 0x00000, 0x0D826, 0x0E7A3, 0x02016, 0x13AC0, 0x10C88, 0x1C056, 0x0AF3E, 0x0FB77, 0x05E3D, 0x16987, 0x10081, 0x184AC, 0x07B54, 0x0FF7F, 0x09679, 0x1A1C3, 
	0x10489, 0x150C2, 0x03FAA, 0x0F378, 0x0C540, 0x1DFEA, 0x1185D, 0x127DA, 0x00000, 0x0D826, 0x0E7A3, 0x02016, 0x13AC0, 0x10C88, 0x1C056, 0x0AF3E, 0x0FB77, 0x05E3D, 0x16987, 0x10081, 0x184AC, 0x07B54, 0x0FF7F, 0x09679, 0x1A1C3, 0x10489, 0x150C2, 0x03FAA, 0x0F378, 0x0C540, 0x1DFEA, 0x1185D, 
	0x127DA, 0x00000, 0x0D826, 0x0E7A3, 0x02016, 0x13AC0, 0x10C88, 0x1C056, 0x0AF3E, 0x0FB77, 0x05E3D, 0x16987, 0x10081, 0x184AC, 0x07B54, 0x0FF7F, 0x09679, 0x1A1C3, 0x10489, 0x150C2, 0x03FAA, 0x0F378, 0x0C540, 0x1DFEA, 0x1185D, 0x127DA, 0x00000, 0x0D826, 0x0E7A3, 0x02016, 0x13AC0, 0x10C88, 
	0x1C056, 0x0AF3E, 0x0FB77, 0x05E3D, 0x16987, 0x10081, 0x184AC, 0x07B54, 0x0FF7F, 0x09679, 0x1A1C3, 0x10489, 0x150C2, 0x03FAA, 0x0F378, 0x0C540, 0x1DFEA, 0x1185D, 0x127DA, 0x00000, 0x0D826, 0x0E7A3, 0x02016, 0x13AC0, 0x10C88, 0x1C056, 0x0AF3E, 0x0FB77, 0x05E3D, 0x16987, 0x10081, 0x184AC, 
	0x07B54, 0x0FF7F, 0x09679, 0x1A1C3, 0x10489, 0x150C2, 0x03FAA, 0x0F378, 0x0C540, 0x1DFEA, 0x1185D, 0x127DA, 0x00000, 0x0D826, 0x0E7A3, 0x02016, 0x13AC0, 0x10C88, 0x1C056, 0x0AF3E, 0x0FB77, 0x05E3D, 0x16987, 0x10081, 0x184AC, 0x07B54, 0x0FF7F, 0x09679, 0x1A1C3, 0x10489, 0x150C2, 0x03FAA, 
	0x0F378, 0x0C540, 0x1DFEA, 0x1185D, 0x127DA, 0x00000, 0x0D826, 0x0E7A3, 0x02016, 0x13AC0, 0x10C88, 0x1C056, 0x0AF3E, 0x0FB77, 0x05E3D, 0x16987, 0x10081, 0x184AC, 0x07B54, 0x0FF7F, 0x09679, 0x1A1C3, 0x10489, 0x150C2, 0x03FAA, 0x0F378, 0x0C540, 0x1DFEA, 0x1185D, 0x127DA, 0x00000, 0x0D826, 
	0x0E7A3, 0x02016, 0x13AC0, 0x10C88, 0x1C056, 0x0AF3E, 0x0FB77, 0x05E3D, 0x16987, 0x10081, 0x184AC, 0x07B54, 0x0FF7F, 0x09679, 0x1A1C3, 0x10489, 0x150C2, 0x03FAA, 0x0F378, 0x0C540, 0x1DFEA, 0x1185D, 0x127DA, 0x00000, 0x0D826, 0x0E7A3, 0x02016, 0x13AC0, 0x10C88, 0x1C056, 0x0AF3E, 0x0FB77, 
	0x05E3D, 0x16987, 0x10081, 0x184AC, 0x07B54, 0x0FF7F, 0x09679, 0x1A1C3, 0x10489, 0x150C2, 0x03FAA, 0x0F378, 0x0C540, 0x1DFEA, 0x1185D, 0x127DA, 0x00000, 0x0D826, 0x0E7A3, 0x02016, 0x13AC0, 0x10C88, 0x1C056, 0x0AF3E, 0x0FB77, 0x05E3D, 0x16987, 0x10081, 0x184AC, 0x07B54, 0x0FF7F, 0x09679, 
	0x1A1C3, 0x10489, 0x150C2, 0x03FAA, 0x0F378, 0x0C540, 0x1DFEA, 0x1185D, 0x127DA, 0x00000, 0x0D826, 0x0E7A3, 0x02016, 0x13AC0, 0x10C88, 0x1C056, 0x0AF3E, 0x0FB77, 0x05E3D, 0x16987, 0x10081, 0x184AC, 0x07B54, 0x0FF7F, 0x09679, 0x1A1C3, 0x10489, 0x150C2, 0x03FAA, 0x0F378, 0x0C540, 0x1DFEA, 
	0x1185D, 0x127DA, 0x00000, 0x0D826, 0x0E7A3, 0x02016, 0x13AC0, 0x10C88, 0x1C056, 0x0AF3E, 0x0FB77, 0x05E3D, 0x16987, 0x10081, 0x184AC, 0x07B54, 0x0FF7F, 0x09679, 0x1A1C3, 0x10489, 0x150C2, 0x03FAA, 0x0F378, 0x0C540, 0x1DFEA, 0x1185D, 0x127DA, 0x00000, 0x0D826, 0x0E7A3, 0x02016, 0x13AC0, 
	0x10C88, 0x1C056, 0x0AF3E, 0x0FB77, 0x05E3D, 0x16987, 0x10081, 0x184AC, 0x07B54, 0x0FF7F, 0x09679, 0x1A1C3, 0x10489, 0x150C2, 0x03FAA, 0x0F378, 0x0C540, 0x1DFEA, 0x1185D, 0x127DA, 0x00000, 0x0D826, 0x0E7A3, 0x02016, 0x13AC0, 0x10C88, 0x1C056, 0x0AF3E, 0x0FB77, 0x05E3D, 0x16987, 0x10081, 
	0x184AC, 0x07B54, 0x0FF7F, 0x09679, 0x1A1C3, 0x10489, 0x150C2, 0x03FAA, 0x0F378, 0x0C540, 0x1DFEA, 0x1185D, 0x127DA, 0x00000, 0x0D826, 0x0E7A3, 0x02016, 0x13AC0, 0x10C88, 0x1C056, 0x0AF3E, 0x0FB77, 0x05E3D, 0x16987, 0x10081, 0x184AC, 0x07B54, 0x0FF7F, 0x09679, 0x1A1C3, 0x10489, 0x150C2, 
	0x03FAA, 0x0F378, 0x0C540, 0x1DFEA, 0x1185D, 0x127DA, 0x00000, 0x0D826, 0x0E7A3, 0x02016, 0x13AC0, 0x10C88, 0x1C056, 0x0AF3E, 0x0FB77, 0x05E3D, 0x16987, 0x10081, 0x184AC, 0x07B54, 0x0FF7F, 0x09679, 0x1A1C3, 0x10489, 0x150C2, 0x03FAA, 0x0F378, 0x0C540, 0x1DFEA, 0x1185D, 0x127DA, 0x00000, 
	0x0D826, 0x0E7A3, 0x02016, 0x13AC0, 0x10C88, 0x1C056, 0x0AF3E, 0x0FB77, 0x05E3D, 0x16987, 0x10081, 0x184AC, 0x07B54, 0x0FF7F, 0x09679, 0x1A1C3, 0x10489, 0x150C2, 0x03FAA, 0x0F378, 0x0C540, 0x1DFEA, 0x1185D, 0x127DA, 0x00000, 0x0D826, 0x0E7A3, 0x02016, 0x13AC0, 0x10C88, 0x1C056, 0x0AF3E, 
	0x0FB77, 0x05E3D, 0x16987, 0x10081, 0x184AC, 0x07B54, 0x0FF7F, 0x09679, 0x1A1C3, 0x10489, 0x150C2, 0x03FAA, 0x0F378, 0x0C540, 0x1DFEA, 0x1185D, 0x127DA, 0x00000, 0x0D826, 0x0E7A3, 0x02016, 0x13AC0, 0x10C88, 0x1C056, 0x0AF3E, 0x0FB77, 0x05E3D, 0x16987, 0x10081, 0x184AC, 0x07B54, 0x0FF7F, 
	0x09679, 0x1A1C3, 0x10489, 0x150C2, 0x03FAA, 0x0F378, 0x0C540, 0x1DFEA, 0x1185D, 0x127DA, 0x00000, 0x0D826, 0x0E7A3, 0x02016, 0x13AC0, 0x10C88, 0x1C056, 0x0AF3E, 0x0FB77, 0x05E3D, 0x16987, 0x10081, 0x184AC, 0x07B54, 0x0FF7F, 0x09679, 0x1A1C3, 0x10489, 0x150C2, 0x03FAA, 0x0F378, 0x0C540, 
	0x1DFEA, 0x1185D, 0x127DA, 0x00000, 0x0D826, 0x0E7A3, 0x02016, 0x13AC0, 0x10C88, 0x1C056, 0x0AF3E, 0x0FB77, 0x05E3D, 0x16987, 0x10081, 0x184AC, 0x07B54, 0x0FF7F, 0x09679, 0x1A1C3, 0x10489, 0x150C2, 0x03FAA, 0x0F378, 0x0C540, 0x1DFEA, 0x1185D, 0x127DA, 0x00000, 0x0D826, 0x0E7A3, 0x02016, 
	0x13AC0, 0x10C88, 0x1C056, 0x0AF3E, 0x0FB77, 0x05E3D, 0x16987, 0x10081, 0x184AC, 0x07B54, 0x0FF7F, 0x09679, 0x1A1C3, 0x10489, 0x150C2, 0x03FAA, 0x0F378, 0x0C540, 0x1DFEA, 0x1185D, 0x127DA, 0x00000, 0x0D826, 0x0E7A3, 0x02016, 0x13AC0, 0x10C88, 0x1C056, 0x0AF3E, 0x0FB77, 0x05E3D, 0x16987, 
	0x10081, 0x184AC, 0x07B54, 0x0FF7F, 0x09679, 0x1A1C3, 0x10489, 0x150C2, 0x03FAA, 0x0F378, 0x0C540, 0x1DFEA, 0x1185D, 0x127DA, 0x00000, 0x0D826, 0x0E7A3, 0x02016, 0x13AC0, 0x10C88, 0x1C056, 0x0AF3E, 0x0FB77, 0x05E3D, 0x16987, 0x10081, 0x184AC, 0x07B54, 0x0FF7F, 0x09679, 0x1A1C3, 0x10489, 
	0x150C2, 0x03FAA, 0x0F378, 0x0C540, 0x1DFEA, 0x1185D, 0x127DA, 0x00000, 0x0D826, 0x0E7A3, 0x02016, 0x13AC0, 0x10C88, 0x1C056, 0x0AF3E, 0x0FB77, 0x05E3D, 0x16987, 0x10081, 0x184AC, 0x07B54, 0x0FF7F, 0x09679, 0x1A1C3, 0x10489, 0x150C2, 0x03FAA, 0x0F378, 0x0C540, 0x1DFEA, 0x1185D, 0x127DA, 
	0x00000, 0x0D826, 0x0E7A3, 0x02016, 0x13AC0, 0x10C88, 0x1C056, 0x0AF3E, 0x0FB77, 0x05E3D, 0x16987, 0x10081, 0x184AC, 0x07B54, 0x0FF7F, 0x09679, 0x1A1C3, 0x10489, 0x150C2, 0x03FAA, 0x0F378, 0x0C540, 0x1DFEA, 0x1185D, 0x127DA, 0x00000, 0x0D826, 0x0E7A3, 0x02016, 0x13AC0, 0x10C88, 0x1C056, 
	0x0AF3E, 0x0FB77, 0x05E3D, 0x16987, 0x10081, 0x184AC, 0x07B54, 0x0FF7F, 0x09679, 0x1A1C3, 0x10489, 0x150C2, 0x03FAA, 0x0F378, 0x0C540, 0x1DFEA, 0x1185D, 0x127DA, 0x00000, 0x0D826, 0x0E7A3, 0x02016, 0x13AC0, 0x10C88, 0x1C056, 0x0AF3E, 0x0FB77, 0x05E3D, 0x16987, 0x10081, 0x184AC, 0x07B54, 
	0x0FF7F, 0x09679, 0x1A1C3, 0x10489, 0x150C2, 0x03FAA, 0x0F378, 0x0C540, 0x1DFEA, 0x1185D, 0x127DA, 0x00000, 0x0D826, 0x0E7A3, 0x02016, 0x13AC0, 0x10C88, 0x1C056, 0x0AF3E, 0x0FB77, 0x05E3D, 0x16987, 0x10081, 0x184AC, 0x07B54, 0x0FF7F, 0x09679, 0x1A1C3, 0x10489, 0x150C2, 0x03FAA, 0x0F378, 
	0x0C540, 0x1DFEA, 0x1185D, 0x127DA, 0x00000, 0x0D826, 0x0E7A3, 0x02016, 0x13AC0, 0x10C88, 0x1C056, 0x0AF3E, 0x0FB77, 0x05E3D, 0x16987, 0x10081, 0x184AC, 0x07B54, 0x0FF7F, 0x09679, 0x1A1C3, 0x10489, 0x150C2, 0x03FAA, 0x0F378, 0x0C540, 0x1DFEA, 0x1185D, 0x127DA, 0x00000, 0x0D826, 0x0E7A3, 
	0x02016, 0x13AC0, 0x10C88, 0x1C056, 0x0AF3E, 0x0FB77, 0x05E3D, 0x16987, 0x10081, 0x184AC, 0x07B54, 0x0FF7F, 0x09679, 0x1A1C3, 0x10489, 0x150C2, 0x03FAA, 0x0F378, 0x0C540, 0x1DFEA, 0x1185D, 0x127DA, 0x00000, 0x0D826, 0x0E7A3, 0x02016, 0x13AC0, 0x10C88, 0x1C056, 0x0AF3E, 0x0FB77, 0x05E3D, 
	0x16987, 0x10081, 0x184AC, 0x07B54, 0x0FF7F, 0x09679, 0x1A1C3, 0x10489, 0x150C2, 0x03FAA, 0x0F378, 0x0C540, 0x1DFEA, 0x1185D, 0x127DA, 0x00000, 0x0D826, 0x0E7A3, 0x02016, 0x13AC0, 0x10C88, 0x1C056, 0x0AF3E, 0x0FB77, 0x05E3D, 0x16987, 0x10081, 0x184AC, 0x07B54, 0x0FF7F, 0x09679, 0x1A1C3, 
	0x10489, 0x150C2, 0x03FAA, 0x0F378, 0x0C540, 0x1DFEA, 0x1185D, 0x127DA, 0x00000, 0x0D826, 0x0E7A3, 0x02016, 0x13AC0, 0x10C88, 0x1C056, 0x0AF3E, 0x0FB77, 0x05E3D, 0x16987, 0x10081, 0x184AC, 0x07B54, 0x0FF7F, 0x09679, 0x1A1C3, 0x10489, 0x150C2, 0x03FAA, 0x0F378, 0x0C540, 0x1DFEA, 0x1185D, 
	0x127DA, 0x00000, 0x0D826, 0x0E7A3, 0x02016, 0x13AC0, 0x10C88, 0x1C056, 0x0AF3E, 0x0FB77, 0x05E3D, 0x16987, 0x10081, 0x184AC, 0x07B54, 0x0FF7F, 0x09679, 0x1A1C3, 0x10489, 0x150C2, 0x03FAA, 0x0F378, 0x0C540, 0x1DFEA, 0x1185D, 0x127DA, 0x00000, 0x0D826, 0x0E7A3, 0x02016, 0x13AC0, 0x10C88, 
	0x1C056, 0x0AF3E, 0x0FB77, 0x05E3D, 0x16987, 0x10081, 0x184AC, 0x07B54, 0x0FF7F, 0x09679, 0x1A1C3, 0x10489, 0x150C2, 0x03FAA, 0x0F378, 0x0C540, 0x1DFEA, 0x1185D, 0x127DA, 0x00000, 0x0D826, 0x0E7A3, 0x02016, 0x13AC0, 0x10C88, 0x1C056, 0x0AF3E, 0x0FB77, 0x05E3D, 0x16987, 0x10081, 0x184AC, 
	0x07B54, 0x0FF7F, 0x09679, 0x1A1C3, 0x10489, 0x150C2, 0x03FAA, 0x0F378, 0x0C540, 0x1DFEA, 0x1185D, 0x127DA, 0x00000, 0x0D826, 0x0E7A3, 0x02016, 0x13AC0, 0x10C88, 0x1C056, 0x0AF3E, 0x0FB77, 0x05E3D, 0x16987, 0x10081, 0x184AC, 0x07B54, 0x0FF7F, 0x09679, 0x1A1C3, 0x10489, 0x150C2, 0x03FAA, 
	0x0F378, 0x0C540, 0x1DFEA, 0x1185D, 0x127DA, 0x00000, 0x0D826, 0x0E7A3, 0x02016, 0x13AC0, 0x10C88, 0x1C056, 0x0AF3E, 0x0FB77, 0x05E3D, 0x16987, 0x10081, 0x184AC, 0x07B54, 0x0FF7F, 0x09679, 0x1A1C3, 0x10489, 0x150C2, 0x03FAA, 0x0F378, 0x0C540, 0x1DFEA, 0x1185D, 0x127DA, 0x00000, 0x0D826, 
	0x0E7A3, 0x02016, 0x13AC0, 0x10C88, 0x1C056, 0x0AF3E, 0x0FB77, 0x05E3D, 0x16987, 0x10081, 0x184AC, 0x07B54, 0x0FF7F, 0x09679, 0x1A1C3, 0x10489, 0x150C2, 0x03FAA, 0x0F378, 0x0C540, 0x1DFEA, 0x1185D, 0x127DA, 0x00000, 0x0D826, 0x0E7A3, 0x02016, 0x13AC0, 0x10C88, 0x1C056, 0x0AF3E, 0x0FB77, 
	0x05E3D, 0x16987, 0x10081, 0x184AC, 0x07B54, 0x0FF7F, 0x09679, 0x1A1C3, 0x10489, 0x150C2, 0x03FAA, 0x0F378, 0x0C540, 0x1DFEA, 0x1185D, 0x127DA, 0x00000, 0x0D826, 0x0E7A3, 0x02016, 0x13AC0, 0x10C88, 0x1C056, 0x0AF3E, 0x0FB77, 0x05E3D, 0x16987, 0x10081, 0x184AC, 0x07B54, 0x0FF7F, 0x09679, 
	0x1A1C3, 0x10489, 0x150C2, 0x03FAA, 0x0F378, 0x0C540, 0x1DFEA, 0x1185D, 0x127DA, 0x00000, 0x0D826, 0x0E7A3, 0x02016, 0x13AC0, 0x10C88, 0x1C056, 0x0AF3E, 0x0FB77, 0x05E3D, 0x16987, 0x10081, 0x184AC, 0x07B54, 0x0FF7F, 0x09679, 0x1A1C3, 0x10489, 0x150C2, 0x03FAA, 0x0F378, 0x0C540, 0x1DFEA, 
	0x1185D, 0x127DA, 0x00000, 0x0D826, 0x0E7A3, 0x02016, 0x13AC0, 0x10C88, 0x1C056, 0x0AF3E, 0x0FB77, 0x05E3D, 0x16987, 0x10081, 0x184AC, 0x07B54, 0x0FF7F, 0x09679, 0x1A1C3, 0x10489, 0x150C2, 0x03FAA, 0x0F378, 0x0C540, 0x1DFEA, 0x1185D, 0x127DA, 0x00000, 0x0D826, 0x0E7A3, 0x02016, 0x13AC0, 
	0x10C88, 0x1C056, 0x0AF3E, 0x0FB77, 0x05E3D, 0x16987, 0x10081, 0x184AC, 0x07B54, 0x0FF7F, 0x09679, 0x1A1C3, 0x10489, 0x150C2, 0x03FAA, 0x0F378, 0x0C540, 0x1DFEA, 0x1185D, 0x127DA, 0x00000, 0x0D826, 0x0E7A3, 0x02016, 0x13AC0, 0x10C88, 0x1C056, 0x0AF3E, 0x0FB77, 0x05E3D, 0x16987, 0x10081, 
	0x184AC, 0x07B54, 0x0FF7F, 0x09679, 0x1A1C3, 0x10489, 0x150C2, 0x03FAA, 0x0F378, 0x0C540, 0x1DFEA, 0x1185D, 0x127DA, 0x00000, 0x0D826, 0x0E7A3, 0x02016, 0x13AC0, 0x10C88, 0x1C056, 0x0AF3E, 0x0FB77, 0x05E3D, 0x16987, 0x10081, 0x184AC, 0x07B54, 0x0FF7F, 0x09679, 0x1A1C3, 0x10489, 0x150C2, 
	0x03FAA, 0x0F378, 0x0C540, 0x1DFEA, 0x1185D, 0x127DA, 0x00000, 0x0D826, 0x0E7A3, 0x02016, 0x13AC0, 0x10C88, 0x1C056, 0x0AF3E, 0x0FB77, 0x05E3D, 0x16987, 0x10081, 0x184AC, 0x07B54, 0x0FF7F, 0x09679, 0x1A1C3, 0x10489, 0x150C2, 0x03FAA, 0x0F378, 0x0C540, 0x1DFEA, 0x1185D, 0x127DA, 0x00000, 
	0x0D826, 0x0E7A3, 0x02016, 0x13AC0, 0x10C88, 0x1C056, 0x0AF3E, 0x0FB77, 0x05E3D, 0x16987, 0x10081, 0x184AC, 0x07B54, 0x0FF7F, 0x09679, 0x1A1C3, 0x10489, 0x150C2, 0x03FAA, 0x0F378, 0x0C540, 0x1DFEA, 0x1185D, 0x127DA, 0x00000, 0x0D826, 0x0E7A3, 0x02016, 0x13AC0, 0x10C88, 0x1C056, 0x0AF3E, 
	0x0FB77, 0x05E3D, 0x16987, 0x10081, 0x184AC, 0x07B54, 0x0FF7F, 0x09679, 0x1A1C3, 0x10489, 0x150C2, 0x03FAA, 0x0F378, 0x0C540, 0x1DFEA, 0x1185D, 0x127DA, 0x00000, 0x0D826, 0x0E7A3, 0x02016, 0x13AC0, 0x10C88, 0x1C056, 0x0AF3E, 0x0FB77, 0x05E3D, 0x16987, 0x10081, 0x184AC, 0x07B54, 0x0FF7F, 
	0x09679, 0x1A1C3, 0x10489, 0x150C2, 0x03FAA, 0x0F378, 0x0C540, 0x1DFEA, 0x1185D, 0x127DA, 0x00000, 0x0D826, 0x0E7A3, 0x02016, 0x13AC0, 0x10C88, 0x1C056, 0x0AF3E, 0x0FB77, 0x05E3D, 0x16987, 0x10081, 0x184AC, 0x07B54, 0x0FF7F, 0x09679, 0x1A1C3, 0x10489, 0x150C2, 0x03FAA, 0x0F378, 0x0C540, 
	0x1DFEA, 0x1185D, 0x127DA, 0x00000, 0x0D826, 0x0E7A3, 0x02016, 0x13AC0, 0x10C88, 0x1C056, 0x0AF3E, 0x0FB77, 0x05E3D, 0x16987, 0x10081, 0x184AC, 0x07B54, 0x0FF7F, 0x09679, 0x1A1C3, 0x10489, 0x150C2, 0x03FAA, 0x0F378, 0x0C540, 0x1DFEA, 0x1185D, 0x127DA, 0x00000, 0x0D826, 0x0E7A3, 0x02016, 
	0x13AC0, 0x10C88, 0x1C056, 0x0AF3E, 0x0FB77, 0x05E3D, 0x16987, 0x10081, 0x184AC, 0x07B54, 0x0FF7F, 0x09679, 0x1A1C3, 0x10489, 0x150C2, 0x03FAA, 0x0F378, 0x0C540, 0x1DFEA, 0x1185D, 0x127DA, 0x00000, 0x0D826, 0x0E7A3, 0x02016, 0x13AC0, 0x10C88, 0x1C056, 0x0AF3E, 0x0FB77, 0x05E3D, 0x16987, 
	0x10081, 0x184AC, 0x07B54, 0x0FF7F, 0x09679, 0x1A1C3, 0x10489, 0x150C2, 0x03FAA, 0x0F378, 0x0C540, 0x1DFEA, 0x1185D, 0x127DA, 0x00000, 0x0D826, 0x0E7A3, 0x02016, 0x13AC0, 0x10C88, 0x1C056, 0x0AF3E, 0x0FB77, 0x05E3D, 0x16987, 0x10081, 0x184AC, 0x07B54, 0x0FF7F, 0x09679, 0x1A1C3, 0x10489, 
	0x150C2, 0x03FAA, 0x0F378, 0x0C540, 0x1DFEA, 0x1185D, 0x127DA, 0x00000, 0x0D826, 0x0E7A3, 0x02016, 0x13AC0, 0x10C88, 0x1C056, 0x0AF3E, 0x0FB77, 0x05E3D, 0x16987, 0x10081, 0x184AC, 0x07B54, 0x0FF7F, 0x09679, 0x1A1C3, 0x10489, 0x150C2, 0x03FAA, 0x0F378, 0x0C540, 0x1DFEA, 0x1185D, 0x127DA, 
	0x00000, 0x0D826, 0x0E7A3, 0x02016, 0x13AC0, 0x10C88, 0x1C056, 0x0AF3E, 0x0FB77, 0x05E3D, 0x16987, 0x10081, 0x184AC, 0x07B54, 0x0FF7F, 0x09679, 0x1A1C3, 0x10489, 0x150C2, 0x03FAA, 0x0F378, 0x0C540, 0x1DFEA, 0x1185D, 0x127DA, 0x00000, 0x0D826, 0x0E7A3, 0x02016, 0x13AC0, 0x10C88, 0x1C056, 
	0x0AF3E, 0x0FB77, 0x05E3D, 0x16987, 0x10081, 0x184AC, 0x07B54, 0x0FF7F, 0x09679, 0x1A1C3, 0x10489, 0x150C2, 0x03FAA, 0x0F378, 0x0C540, 0x1DFEA, 0x1185D, 0x127DA, 0x00000, 0x0D826, 0x0E7A3, 0x02016, 0x13AC0, 0x10C88, 0x1C056, 0x0AF3E, 0x0FB77, 0x05E3D, 0x16987, 0x10081, 0x184AC, 0x07B54, 
	0x0FF7F, 0x09679, 0x1A1C3, 0x10489, 0x150C2, 0x03FAA, 0x0F378, 0x0C540, 0x1DFEA, 0x1185D, 0x127DA, 0x00000, 0x0D826, 0x0E7A3, 0x02016, 0x13AC0, 0x10C88, 0x1C056, 0x0AF3E, 0x0FB77, 0x05E3D, 0x16987, 0x10081, 0x184AC, 0x07B54, 0x0FF7F, 0x09679, 0x1A1C3, 0x10489, 0x150C2, 0x03FAA, 0x0F378, 
	0x0C540, 0x1DFEA, 0x1185D, 0x127DA, 0x00000, 0x0D826, 0x0E7A3, 0x02016, 0x13AC0, 0x10C88, 0x1C056, 0x0AF3E, 0x0FB77, 0x05E3D, 0x16987, 0x10081, 0x184AC, 0x07B54, 0x0FF7F, 0x09679, 0x1A1C3, 0x10489, 0x150C2, 0x03FAA, 0x0F378, 0x0C540, 0x1DFEA, 0x1185D, 0x127DA, 0x00000, 0x0D826, 0x0E7A3, 
	0x02016, 0x13AC0, 0x10C88, 0x1C056, 0x0AF3E, 0x0FB77, 0x05E3D, 0x16987, 0x10081, 0x184AC, 0x07B54, 0x0FF7F, 0x09679, 0x1A1C3, 0x10489, 0x150C2, 0x03FAA, 0x0F378, 0x0C540, 0x1DFEA, 0x1185D, 0x127DA, 0x00000, 0x0D826, 0x0E7A3, 0x02016, 0x13AC0, 0x10C88, 0x1C056, 0x0AF3E, 0x0FB77, 0x05E3D, 
	0x16987, 0x10081, 0x184AC, 0x07B54, 0x0FF7F, 0x09679, 0x1A1C3, 0x10489, 0x150C2, 0x03FAA, 0x0F378, 0x0C540, 0x1DFEA, 0x1185D, 0x127DA, 0x00000, 0x0D826, 0x0E7A3, 0x02016, 0x13AC0, 0x10C88, 0x1C056, 0x0AF3E, 0x0FB77, 0x05E3D, 0x16987, 0x10081, 0x184AC, 0x07B54, 0x0FF7F, 0x09679, 0x1A1C3, 
	0x10489, 0x150C2, 0x03FAA, 0x0F378, 0x0C540, 0x1DFEA, 0x1185D, 0x127DA, 0x00000, 0x0D826, 0x0E7A3, 0x02016, 0x13AC0, 0x10C88, 0x1C056, 0x0AF3E, 0x0FB77, 0x05E3D, 0x16987, 0x10081, 0x184AC, 0x07B54, 0x0FF7F, 0x09679, 0x1A1C3, 0x10489, 0x150C2, 0x03FAA, 0x0F378, 0x0C540, 0x1DFEA, 0x1185D, 
	0x127DA, 0x00000, 0x0D826, 0x0E7A3, 0x02016, 0x13AC0, 0x10C88, 0x1C056, 0x0AF3E, 0x0FB77, 0x05E3D, 0x16987, 0x10081, 0x184AC, 0x07B54, 0x0FF7F, 0x09679, 0x1A1C3, 0x10489, 0x150C2, 0x03FAA, 0x0F378, 0x0C540, 0x1DFEA, 0x1185D, 0x127DA, 0x00000, 0x0D826, 0x0E7A3, 0x02016, 0x13AC0, 0x10C88, 
	0x1C056, 0x0AF3E, 0x0FB77, 0x05E3D, 0x16987, 0x10081, 0x184AC, 0x07B54, 0x0FF7F, 0x09679, 0x1A1C3, 0x10489, 0x150C2, 0x03FAA, 0x0F378, 0x0C540, 0x1DFEA, 0x1185D, 0x127DA, 0x00000, 0x0D826, 0x0E7A3, 0x02016, 0x13AC0, 0x10C88, 0x1C056, 0x0AF3E, 0x0FB77, 0x05E3D, 0x16987, 0x10081, 0x184AC, 
	0x07B54, 0x0FF7F, 0x09679, 0x1A1C3, 0x10489, 0x150C2, 0x03FAA, 0x0F378, 0x0C540, 0x1DFEA, 0x1185D, 0x127DA, 0x00000, 0x0D826, 0x0E7A3, 0x02016, 0x13AC0, 0x10C88, 0x1C056, 0x0AF3E, 0x0FB77, 0x05E3D, 0x16987, 0x10081, 0x184AC, 0x07B54, 0x0FF7F, 0x09679, 0x1A1C3, 0x10489, 0x150C2, 0x03FAA, 
	0x0F378, 0x0C540, 0x1DFEA, 0x1185D, 0x127DA, 0x00000, 0x0D826, 0x0E7A3, 0x02016, 0x13AC0, 0x10C88, 0x1C056, 0x0AF3E, 0x0FB77, 0x05E3D, 0x16987, 0x10081, 0x184AC, 0x07B54, 0x0FF7F, 0x09679, 0x1A1C3, 0x10489, 0x150C2, 0x03FAA, 0x0F378, 0x0C540, 0x1DFEA, 0x1185D, 0x127DA, 0x00000, 0x0D826, 
	0x0E7A3, 0x02016, 0x13AC0, 0x10C88, 0x1C056, 0x0AF3E, 0x0FB77, 0x05E3D, 0x16987, 0x10081, 0x184AC, 0x07B54, 0x0FF7F, 0x09679, 0x1A1C3, 0x10489, 0x150C2, 0x03FAA, 0x0F378, 0x0C540, 0x1DFEA, 0x1185D, 0x127DA, 0x00000, 0x0D826, 0x0E7A3, 0x02016, 0x13AC0, 0x10C88, 0x1C056, 0x0AF3E, 0x0FB77, 
	0x05E3D, 0x16987, 0x10081, 0x184AC, 0x07B54, 0x0FF7F, 0x09679, 0x1A1C3, 0x10489, 0x150C2, 0x03FAA, 0x0F378, 0x0C540, 0x1DFEA, 0x1185D, 0x127DA, 0x00000, 0x0D826, 0x0E7A3, 0x02016, 0x13AC0, 0x10C88, 0x1C056, 0x0AF3E, 0x0FB77, 0x05E3D, 0x16987, 0x10081, 0x184AC, 0x07B54, 0x0FF7F, 0x09679, 
	0x1A1C3, 0x10489, 0x150C2, 0x03FAA, 0x0F378, 0x0C540, 0x1DFEA, 0x1185D, 0x127DA, 0x00000, 0x0D826, 0x0E7A3, 0x02016, 0x13AC0, 0x10C88, 0x1C056, 0x0AF3E, 0x0FB77, 0x05E3D, 0x16987, 0x10081, 0x184AC, 0x07B54, 0x0FF7F, 0x09679, 0x1A1C3, 0x10489, 0x150C2, 0x03FAA, 0x0F378, 0x0C540, 0x1DFEA, 
	0x1185D, 0x127DA, 0x00000, 0x0D826, 0x0E7A3, 0x02016, 0x13AC0, 0x10C88, 0x1C056, 0x0AF3E, 0x0FB77, 0x05E3D, 0x16987, 0x10081, 0x184AC, 0x07B54, 0x0FF7F, 0x09679, 0x1A1C3, 0x10489, 0x150C2, 0x03FAA, 0x0F378, 0x0C540, 0x1DFEA, 0x1185D, 0x127DA, 0x00000, 0x0D826, 0x0E7A3, 0x02016, 0x13AC0, 
	0x10C88, 0x1C056, 0x0AF3E, 0x0FB77, 0x05E3D, 0x16987, 0x10081, 0x184AC, 0x07B54, 0x0FF7F, 0x09679, 0x1A1C3, 0x10489, 0x150C2, 0x03FAA, 0x0F378, 0x0C540, 0x1DFEA, 0x1185D, 0x127DA, 0x00000, 0x0D826, 0x0E7A3, 0x02016, 0x13AC0, 0x10C88, 0x1C056, 0x0AF3E, 0x0FB77, 0x05E3D, 0x16987, 0x10081, 
	0x184AC, 0x07B54, 0x0FF7F, 0x09679, 0x1A1C3, 0x10489, 0x150C2, 0x03FAA, 0x0F378, 0x0C540, 0x1DFEA, 0x1185D, 0x127DA, 0x00000, 0x0D826, 0x0E7A3, 0x02016, 0x13AC0, 0x10C88, 0x1C056, 0x0AF3E, 0x0FB77, 0x05E3D, 0x16987, 0x10081, 0x184AC, 0x07B54, 0x0FF7F, 0x09679, 0x1A1C3, 0x10489, 0x150C2, 
	0x03FAA, 0x0F378, 0x0C540, 0x1DFEA, 0x1185D, 0x127DA, 0x00000, 0x0D826, 0x0E7A3, 0x02016, 0x13AC0, 0x10C88, 0x1C056, 0x0AF3E, 0x0FB77, 0x05E3D, 0x16987, 0x10081, 0x184AC, 0x07B54, 0x0FF7F, 0x09679, 0x1A1C3, 0x10489, 0x150C2, 0x03FAA, 0x0F378, 0x0C540, 0x1DFEA, 0x1185D, 0x127DA, 0x00000, 
	0x0D826, 0x0E7A3, 0x02016, 0x13AC0, 0x10C88, 0x1C056, 0x0AF3E, 0x0FB77, 0x05E3D, 0x16987, 0x10081, 0x184AC, 0x07B54, 0x0FF7F, 0x09679, 0x1A1C3, 0x10489, 0x150C2, 0x03FAA, 0x0F378, 0x0C540, 0x1DFEA, 0x1185D, 0x127DA, 0x00000, 0x0D826, 0x0E7A3, 0x02016, 0x13AC0, 0x10C88, 0x1C056, 0x0AF3E, 
	0x0FB77, 0x05E3D, 0x16987, 0x10081, 0x184AC, 0x07B54, 0x0FF7F, 0x09679, 0x1A1C3, 0x10489, 0x150C2, 0x03FAA, 0x0F378, 0x0C540, 0x1DFEA, 0x1185D, 0x127DA, 0x00000, 0x0D826, 0x0E7A3, 0x02016, 0x13AC0, 0x10C88, 0x1C056, 0x0AF3E, 0x0FB77, 0x05E3D, 0x16987, 0x10081, 0x184AC, 0x07B54, 0x0FF7F, 
	0x09679, 0x1A1C3, 0x10489, 0x150C2, 0x03FAA, 0x0F378, 0x0C540, 0x1DFEA, 0x1185D, 0x127DA, 0x00000, 0x0D826, 0x0E7A3, 0x02016, 0x13AC0, 0x10C88, 0x1C056, 0x0AF3E, 0x0FB77, 0x05E3D, 0x16987, 0x10081, 0x184AC, 0x07B54, 0x0FF7F, 0x09679, 0x1A1C3, 0x10489, 0x150C2, 0x03FAA, 0x0F378, 0x0C540, 
	0x1DFEA, 0x1185D, 0x127DA, 0x00000, 0x0D826, 0x0E7A3, 0x02016, 0x13AC0, 0x10C88, 0x1C056, 0x0AF3E, 0x0FB77, 0x05E3D, 0x16987, 0x10081, 0x184AC, 0x07B54, 0x0FF7F, 0x09679, 0x1A1C3, 0x10489, 0x150C2, 0x03FAA, 0x0F378, 0x0C540, 0x1DFEA, 0x1185D, 0x127DA, 0x00000, 0x0D826, 0x0E7A3, 0x02016, 
	0x13AC0, 0x10C88, 0x1C056, 0x0AF3E, 0x0FB77, 0x05E3D, 0x16987, 0x10081, 0x184AC, 0x07B54, 0x0FF7F, 0x09679, 0x1A1C3, 0x10489, 0x150C2, 0x03FAA, 0x0F378, 0x0C540, 0x1DFEA, 0x1185D, 0x127DA, 0x00000, 0x0D826, 0x0E7A3, 0x02016, 0x13AC0, 0x10C88, 0x1C056, 0x0AF3E, 0x0FB77, 0x05E3D, 0x16987, 
	0x10081, 0x184AC, 0x07B54, 0x0FF7F, 0x09679, 0x1A1C3, 0x10489, 0x150C2, 0x03FAA, 0x0F378, 0x0C540, 0x1DFEA, 0x1185D, 0x127DA, 0x00000, 0x0D826, 0x0E7A3, 0x02016, 0x13AC0, 0x10C88, 0x1C056, 0x0AF3E, 0x0FB77, 0x05E3D, 0x16987, 0x10081, 0x184AC, 0x07B54, 0x0FF7F, 0x09679, 0x1A1C3, 0x10489, 
	0x150C2, 0x03FAA, 0x0F378, 0x0C540, 0x1DFEA, 0x1185D, 0x127DA, 0x00000, 0x0D826, 0x0E7A3, 0x02016, 0x13AC0, 0x10C88, 0x1C056, 0x0AF3E, 0x0FB77, 0x05E3D, 0x16987, 0x10081, 0x184AC, 0x07B54, 0x0FF7F, 0x09679, 0x1A1C3, 0x10489, 0x150C2, 0x03FAA, 0x0F378, 0x0C540, 0x1DFEA, 0x1185D, 0x127DA, 
	0x00000, 0x0D826, 0x0E7A3, 0x02016, 0x13AC0, 0x10C88, 0x1C056, 0x0AF3E, 0x0FB77, 0x05E3D, 0x16987, 0x10081, 0x184AC, 0x07B54, 0x0FF7F, 0x09679, 0x1A1C3, 0x10489, 0x150C2, 0x03FAA, 0x0F378, 0x0C540, 0x1DFEA, 0x1185D, 0x127DA, 0x00000, 0x0D826, 0x0E7A3, 0x02016, 0x13AC0, 0x10C88, 0x1C056, 
	0x0AF3E, 0x0FB77, 0x05E3D, 0x16987, 0x10081, 0x184AC, 0x07B54, 0x0FF7F, 0x09679, 0x1A1C3, 0x10489, 0x150C2, 0x03FAA, 0x0F378, 0x0C540, 0x1DFEA, 0x1185D, 0x127DA, 0x00000, 0x0D826, 0x0E7A3, 0x02016, 0x13AC0, 0x10C88, 0x1C056, 0x0AF3E, 0x0FB77, 0x05E3D, 0x16987, 0x10081, 0x184AC, 0x07B54, 
	0x0FF7F, 0x09679, 0x1A1C3, 0x10489, 0x150C2, 0x03FAA, 0x0F378, 0x0C540, 0x1DFEA, 0x1185D, 0x127DA, 0x00000, 0x0D826, 0x0E7A3, 0x02016, 0x13AC0, 0x10C88, 0x1C056, 0x0AF3E, 0x0FB77, 0x05E3D, 0x16987, 0x10081, 0x184AC, 0x07B54, 0x0FF7F, 0x09679, 0x1A1C3, 0x10489, 0x150C2, 0x03FAA, 0x0F378, 
	0x0C540, 0x1DFEA, 0x1185D, 0x127DA, 0x00000, 0x0D826, 0x0E7A3, 0x02016, 0x13AC0, 0x10C88, 0x1C056, 0x0AF3E, 0x0FB77, 0x05E3D, 0x16987, 0x10081, 0x184AC, 0x07B54, 0x0FF7F, 0x09679, 0x1A1C3, 0x10489, 0x150C2, 0x03FAA, 0x0F378, 0x0C540, 0x1DFEA, 0x1185D, 0x127DA, 0x00000, 0x0D826, 0x0E7A3, 
	0x02016, 0x13AC0, 0x10C88, 0x1C056, 0x0AF3E, 0x0FB77, 0x05E3D, 0x16987, 0x10081, 0x184AC, 0x07B54, 0x0FF7F, 0x09679, 0x1A1C3, 0x10489, 0x150C2, 0x03FAA, 0x0F378, 0x0C540, 0x1DFEA, 0x1185D, 0x127DA, 0x00000, 0x0D826, 0x0E7A3, 0x02016, 0x13AC0, 0x10C88, 0x1C056, 0x0AF3E, 0x0FB77, 0x05E3D, 
	0x16987, 0x10081, 0x184AC, 0x07B54, 0x0FF7F, 0x09679, 0x1A1C3, 0x10489, 0x150C2, 0x03FAA, 0x0F378, 0x0C540, 0x1DFEA, 0x1185D, 0x127DA, 0x00000, 0x0D826, 0x0E7A3, 0x02016, 0x13AC0, 0x10C88, 0x1C056, 0x0AF3E, 0x0FB77, 0x05E3D, 0x16987, 0x10081, 0x184AC, 0x07B54, 0x0FF7F, 0x09679, 0x1A1C3, 
};

u32 fdemod_cos_array[] = {
	0x0FFFF, 0x0892C, 0x19300, 0x10205, 0x15CD2, 0x04F1C, 0x0F7F5, 0x0BA9E, 0x1D008, 0x111FA, 0x130E4, 0x01013, 0x0E056, 0x0E056, 0x01013, 0x130E4, 0x111FA, 0x1D008, 0x0BA9E, 0x0F7F5, 0x04F1C, 0x15CD2, 0x10205, 0x19300, 0x0892C, 0x0FFFF, 0x0892C, 0x19300, 0x10205, 0x15CD2, 0x04F1C, 0x0F7F5, 
	0x0BA9E, 0x1D008, 0x111FA, 0x130E4, 0x01013, 0x0E056, 0x0E056, 0x01013, 0x130E4, 0x111FA, 0x1D008, 0x0BA9E, 0x0F7F5, 0x04F1C, 0x15CD2, 0x10205, 0x19300, 0x0892C, 0x0FFFF, 0x0892C, 0x19300, 0x10205, 0x15CD2, 0x04F1C, 0x0F7F5, 0x0BA9E, 0x1D008, 0x111FA, 0x130E4, 0x01013, 0x0E056, 0x0E056, 
	0x01013, 0x130E4, 0x111FA, 0x1D008, 0x0BA9E, 0x0F7F5, 0x04F1C, 0x15CD2, 0x10205, 0x19300, 0x0892C, 0x0FFFF, 0x0892C, 0x19300, 0x10205, 0x15CD2, 0x04F1C, 0x0F7F5, 0x0BA9E, 0x1D008, 0x111FA, 0x130E4, 0x01013, 0x0E056, 0x0E056, 0x01013, 0x130E4, 0x111FA, 0x1D008, 0x0BA9E, 0x0F7F5, 0x04F1C, 
	0x15CD2, 0x10205, 0x19300, 0x0892C, 0x0FFFF, 0x0892C, 0x19300, 0x10205, 0x15CD2, 0x04F1C, 0x0F7F5, 0x0BA9E, 0x1D008, 0x111FA, 0x130E4, 0x01013, 0x0E056, 0x0E056, 0x01013, 0x130E4, 0x111FA, 0x1D008, 0x0BA9E, 0x0F7F5, 0x04F1C, 0x15CD2, 0x10205, 0x19300, 0x0892C, 0x0FFFF, 0x0892C, 0x19300, 
	0x10205, 0x15CD2, 0x04F1C, 0x0F7F5, 0x0BA9E, 0x1D008, 0x111FA, 0x130E4, 0x01013, 0x0E056, 0x0E056, 0x01013, 0x130E4, 0x111FA, 0x1D008, 0x0BA9E, 0x0F7F5, 0x04F1C, 0x15CD2, 0x10205, 0x19300, 0x0892C, 0x0FFFF, 0x0892C, 0x19300, 0x10205, 0x15CD2, 0x04F1C, 0x0F7F5, 0x0BA9E, 0x1D008, 0x111FA, 
	0x130E4, 0x01013, 0x0E056, 0x0E056, 0x01013, 0x130E4, 0x111FA, 0x1D008, 0x0BA9E, 0x0F7F5, 0x04F1C, 0x15CD2, 0x10205, 0x19300, 0x0892C, 0x0FFFF, 0x0892C, 0x19300, 0x10205, 0x15CD2, 0x04F1C, 0x0F7F5, 0x0BA9E, 0x1D008, 0x111FA, 0x130E4, 0x01013, 0x0E056, 0x0E056, 0x01013, 0x130E4, 0x111FA, 
	0x1D008, 0x0BA9E, 0x0F7F5, 0x04F1C, 0x15CD2, 0x10205, 0x19300, 0x0892C, 0x0FFFF, 0x0892C, 0x19300, 0x10205, 0x15CD2, 0x04F1C, 0x0F7F5, 0x0BA9E, 0x1D008, 0x111FA, 0x130E4, 0x01013, 0x0E056, 0x0E056, 0x01013, 0x130E4, 0x111FA, 0x1D008, 0x0BA9E, 0x0F7F5, 0x04F1C, 0x15CD2, 0x10205, 0x19300, 
	0x0892C, 0x0FFFF, 0x0892C, 0x19300, 0x10205, 0x15CD2, 0x04F1C, 0x0F7F5, 0x0BA9E, 0x1D008, 0x111FA, 0x130E4, 0x01013, 0x0E056, 0x0E056, 0x01013, 0x130E4, 0x111FA, 0x1D008, 0x0BA9E, 0x0F7F5, 0x04F1C, 0x15CD2, 0x10205, 0x19300, 0x0892C, 0x0FFFF, 0x0892C, 0x19300, 0x10205, 0x15CD2, 0x04F1C, 
	0x0F7F5, 0x0BA9E, 0x1D008, 0x111FA, 0x130E4, 0x01013, 0x0E056, 0x0E056, 0x01013, 0x130E4, 0x111FA, 0x1D008, 0x0BA9E, 0x0F7F5, 0x04F1C, 0x15CD2, 0x10205, 0x19300, 0x0892C, 0x0FFFF, 0x0892C, 0x19300, 0x10205, 0x15CD2, 0x04F1C, 0x0F7F5, 0x0BA9E, 0x1D008, 0x111FA, 0x130E4, 0x01013, 0x0E056, 
	0x0E056, 0x01013, 0x130E4, 0x111FA, 0x1D008, 0x0BA9E, 0x0F7F5, 0x04F1C, 0x15CD2, 0x10205, 0x19300, 0x0892C, 0x0FFFF, 0x0892C, 0x19300, 0x10205, 0x15CD2, 0x04F1C, 0x0F7F5, 0x0BA9E, 0x1D008, 0x111FA, 0x130E4, 0x01013, 0x0E056, 0x0E056, 0x01013, 0x130E4, 0x111FA, 0x1D008, 0x0BA9E, 0x0F7F5, 
	0x04F1C, 0x15CD2, 0x10205, 0x19300, 0x0892C, 0x0FFFF, 0x0892C, 0x19300, 0x10205, 0x15CD2, 0x04F1C, 0x0F7F5, 0x0BA9E, 0x1D008, 0x111FA, 0x130E4, 0x01013, 0x0E056, 0x0E056, 0x01013, 0x130E4, 0x111FA, 0x1D008, 0x0BA9E, 0x0F7F5, 0x04F1C, 0x15CD2, 0x10205, 0x19300, 0x0892C, 0x0FFFF, 0x0892C, 
	0x19300, 0x10205, 0x15CD2, 0x04F1C, 0x0F7F5, 0x0BA9E, 0x1D008, 0x111FA, 0x130E4, 0x01013, 0x0E056, 0x0E056, 0x01013, 0x130E4, 0x111FA, 0x1D008, 0x0BA9E, 0x0F7F5, 0x04F1C, 0x15CD2, 0x10205, 0x19300, 0x0892C, 0x0FFFF, 0x0892C, 0x19300, 0x10205, 0x15CD2, 0x04F1C, 0x0F7F5, 0x0BA9E, 0x1D008, 
	0x111FA, 0x130E4, 0x01013, 0x0E056, 0x0E056, 0x01013, 0x130E4, 0x111FA, 0x1D008, 0x0BA9E, 0x0F7F5, 0x04F1C, 0x15CD2, 0x10205, 0x19300, 0x0892C, 0x0FFFF, 0x0892C, 0x19300, 0x10205, 0x15CD2, 0x04F1C, 0x0F7F5, 0x0BA9E, 0x1D008, 0x111FA, 0x130E4, 0x01013, 0x0E056, 0x0E056, 0x01013, 0x130E4, 
	0x111FA, 0x1D008, 0x0BA9E, 0x0F7F5, 0x04F1C, 0x15CD2, 0x10205, 0x19300, 0x0892C, 0x0FFFF, 0x0892C, 0x19300, 0x10205, 0x15CD2, 0x04F1C, 0x0F7F5, 0x0BA9E, 0x1D008, 0x111FA, 0x130E4, 0x01013, 0x0E056, 0x0E056, 0x01013, 0x130E4, 0x111FA, 0x1D008, 0x0BA9E, 0x0F7F5, 0x04F1C, 0x15CD2, 0x10205, 
	0x19300, 0x0892C, 0x0FFFF, 0x0892C, 0x19300, 0x10205, 0x15CD2, 0x04F1C, 0x0F7F5, 0x0BA9E, 0x1D008, 0x111FA, 0x130E4, 0x01013, 0x0E056, 0x0E056, 0x01013, 0x130E4, 0x111FA, 0x1D008, 0x0BA9E, 0x0F7F5, 0x04F1C, 0x15CD2, 0x10205, 0x19300, 0x0892C, 0x0FFFF, 0x0892C, 0x19300, 0x10205, 0x15CD2, 
	0x04F1C, 0x0F7F5, 0x0BA9E, 0x1D008, 0x111FA, 0x130E4, 0x01013, 0x0E056, 0x0E056, 0x01013, 0x130E4, 0x111FA, 0x1D008, 0x0BA9E, 0x0F7F5, 0x04F1C, 0x15CD2, 0x10205, 0x19300, 0x0892C, 0x0FFFF, 0x0892C, 0x19300, 0x10205, 0x15CD2, 0x04F1C, 0x0F7F5, 0x0BA9E, 0x1D008, 0x111FA, 0x130E4, 0x01013, 
	0x0E056, 0x0E056, 0x01013, 0x130E4, 0x111FA, 0x1D008, 0x0BA9E, 0x0F7F5, 0x04F1C, 0x15CD2, 0x10205, 0x19300, 0x0892C, 0x0FFFF, 0x0892C, 0x19300, 0x10205, 0x15CD2, 0x04F1C, 0x0F7F5, 0x0BA9E, 0x1D008, 0x111FA, 0x130E4, 0x01013, 0x0E056, 0x0E056, 0x01013, 0x130E4, 0x111FA, 0x1D008, 0x0BA9E, 
	0x0F7F5, 0x04F1C, 0x15CD2, 0x10205, 0x19300, 0x0892C, 0x0FFFF, 0x0892C, 0x19300, 0x10205, 0x15CD2, 0x04F1C, 0x0F7F5, 0x0BA9E, 0x1D008, 0x111FA, 0x130E4, 0x01013, 0x0E056, 0x0E056, 0x01013, 0x130E4, 0x111FA, 0x1D008, 0x0BA9E, 0x0F7F5, 0x04F1C, 0x15CD2, 0x10205, 0x19300, 0x0892C, 0x0FFFF, 
	0x0892C, 0x19300, 0x10205, 0x15CD2, 0x04F1C, 0x0F7F5, 0x0BA9E, 0x1D008, 0x111FA, 0x130E4, 0x01013, 0x0E056, 0x0E056, 0x01013, 0x130E4, 0x111FA, 0x1D008, 0x0BA9E, 0x0F7F5, 0x04F1C, 0x15CD2, 0x10205, 0x19300, 0x0892C, 0x0FFFF, 0x0892C, 0x19300, 0x10205, 0x15CD2, 0x04F1C, 0x0F7F5, 0x0BA9E, 
	0x1D008, 0x111FA, 0x130E4, 0x01013, 0x0E056, 0x0E056, 0x01013, 0x130E4, 0x111FA, 0x1D008, 0x0BA9E, 0x0F7F5, 0x04F1C, 0x15CD2, 0x10205, 0x19300, 0x0892C, 0x0FFFF, 0x0892C, 0x19300, 0x10205, 0x15CD2, 0x04F1C, 0x0F7F5, 0x0BA9E, 0x1D008, 0x111FA, 0x130E4, 0x01013, 0x0E056, 0x0E056, 0x01013, 
	0x130E4, 0x111FA, 0x1D008, 0x0BA9E, 0x0F7F5, 0x04F1C, 0x15CD2, 0x10205, 0x19300, 0x0892C, 0x0FFFF, 0x0892C, 0x19300, 0x10205, 0x15CD2, 0x04F1C, 0x0F7F5, 0x0BA9E, 0x1D008, 0x111FA, 0x130E4, 0x01013, 0x0E056, 0x0E056, 0x01013, 0x130E4, 0x111FA, 0x1D008, 0x0BA9E, 0x0F7F5, 0x04F1C, 0x15CD2, 
	0x10205, 0x19300, 0x0892C, 0x0FFFF, 0x0892C, 0x19300, 0x10205, 0x15CD2, 0x04F1C, 0x0F7F5, 0x0BA9E, 0x1D008, 0x111FA, 0x130E4, 0x01013, 0x0E056, 0x0E056, 0x01013, 0x130E4, 0x111FA, 0x1D008, 0x0BA9E, 0x0F7F5, 0x04F1C, 0x15CD2, 0x10205, 0x19300, 0x0892C, 0x0FFFF, 0x0892C, 0x19300, 0x10205, 
	0x15CD2, 0x04F1C, 0x0F7F5, 0x0BA9E, 0x1D008, 0x111FA, 0x130E4, 0x01013, 0x0E056, 0x0E056, 0x01013, 0x130E4, 0x111FA, 0x1D008, 0x0BA9E, 0x0F7F5, 0x04F1C, 0x15CD2, 0x10205, 0x19300, 0x0892C, 0x0FFFF, 0x0892C, 0x19300, 0x10205, 0x15CD2, 0x04F1C, 0x0F7F5, 0x0BA9E, 0x1D008, 0x111FA, 0x130E4, 
	0x01013, 0x0E056, 0x0E056, 0x01013, 0x130E4, 0x111FA, 0x1D008, 0x0BA9E, 0x0F7F5, 0x04F1C, 0x15CD2, 0x10205, 0x19300, 0x0892C, 0x0FFFF, 0x0892C, 0x19300, 0x10205, 0x15CD2, 0x04F1C, 0x0F7F5, 0x0BA9E, 0x1D008, 0x111FA, 0x130E4, 0x01013, 0x0E056, 0x0E056, 0x01013, 0x130E4, 0x111FA, 0x1D008, 
	0x0BA9E, 0x0F7F5, 0x04F1C, 0x15CD2, 0x10205, 0x19300, 0x0892C, 0x0FFFF, 0x0892C, 0x19300, 0x10205, 0x15CD2, 0x04F1C, 0x0F7F5, 0x0BA9E, 0x1D008, 0x111FA, 0x130E4, 0x01013, 0x0E056, 0x0E056, 0x01013, 0x130E4, 0x111FA, 0x1D008, 0x0BA9E, 0x0F7F5, 0x04F1C, 0x15CD2, 0x10205, 0x19300, 0x0892C, 
	0x0FFFF, 0x0892C, 0x19300, 0x10205, 0x15CD2, 0x04F1C, 0x0F7F5, 0x0BA9E, 0x1D008, 0x111FA, 0x130E4, 0x01013, 0x0E056, 0x0E056, 0x01013, 0x130E4, 0x111FA, 0x1D008, 0x0BA9E, 0x0F7F5, 0x04F1C, 0x15CD2, 0x10205, 0x19300, 0x0892C, 0x0FFFF, 0x0892C, 0x19300, 0x10205, 0x15CD2, 0x04F1C, 0x0F7F5, 
	0x0BA9E, 0x1D008, 0x111FA, 0x130E4, 0x01013, 0x0E056, 0x0E056, 0x01013, 0x130E4, 0x111FA, 0x1D008, 0x0BA9E, 0x0F7F5, 0x04F1C, 0x15CD2, 0x10205, 0x19300, 0x0892C, 0x0FFFF, 0x0892C, 0x19300, 0x10205, 0x15CD2, 0x04F1C, 0x0F7F5, 0x0BA9E, 0x1D008, 0x111FA, 0x130E4, 0x01013, 0x0E056, 0x0E056, 
	0x01013, 0x130E4, 0x111FA, 0x1D008, 0x0BA9E, 0x0F7F5, 0x04F1C, 0x15CD2, 0x10205, 0x19300, 0x0892C, 0x0FFFF, 0x0892C, 0x19300, 0x10205, 0x15CD2, 0x04F1C, 0x0F7F5, 0x0BA9E, 0x1D008, 0x111FA, 0x130E4, 0x01013, 0x0E056, 0x0E056, 0x01013, 0x130E4, 0x111FA, 0x1D008, 0x0BA9E, 0x0F7F5, 0x04F1C, 
	0x15CD2, 0x10205, 0x19300, 0x0892C, 0x0FFFF, 0x0892C, 0x19300, 0x10205, 0x15CD2, 0x04F1C, 0x0F7F5, 0x0BA9E, 0x1D008, 0x111FA, 0x130E4, 0x01013, 0x0E056, 0x0E056, 0x01013, 0x130E4, 0x111FA, 0x1D008, 0x0BA9E, 0x0F7F5, 0x04F1C, 0x15CD2, 0x10205, 0x19300, 0x0892C, 0x0FFFF, 0x0892C, 0x19300, 
	0x10205, 0x15CD2, 0x04F1C, 0x0F7F5, 0x0BA9E, 0x1D008, 0x111FA, 0x130E4, 0x01013, 0x0E056, 0x0E056, 0x01013, 0x130E4, 0x111FA, 0x1D008, 0x0BA9E, 0x0F7F5, 0x04F1C, 0x15CD2, 0x10205, 0x19300, 0x0892C, 0x0FFFF, 0x0892C, 0x19300, 0x10205, 0x15CD2, 0x04F1C, 0x0F7F5, 0x0BA9E, 0x1D008, 0x111FA, 
	0x130E4, 0x01013, 0x0E056, 0x0E056, 0x01013, 0x130E4, 0x111FA, 0x1D008, 0x0BA9E, 0x0F7F5, 0x04F1C, 0x15CD2, 0x10205, 0x19300, 0x0892C, 0x0FFFF, 0x0892C, 0x19300, 0x10205, 0x15CD2, 0x04F1C, 0x0F7F5, 0x0BA9E, 0x1D008, 0x111FA, 0x130E4, 0x01013, 0x0E056, 0x0E056, 0x01013, 0x130E4, 0x111FA, 
	0x1D008, 0x0BA9E, 0x0F7F5, 0x04F1C, 0x15CD2, 0x10205, 0x19300, 0x0892C, 0x0FFFF, 0x0892C, 0x19300, 0x10205, 0x15CD2, 0x04F1C, 0x0F7F5, 0x0BA9E, 0x1D008, 0x111FA, 0x130E4, 0x01013, 0x0E056, 0x0E056, 0x01013, 0x130E4, 0x111FA, 0x1D008, 0x0BA9E, 0x0F7F5, 0x04F1C, 0x15CD2, 0x10205, 0x19300, 
	0x0892C, 0x0FFFF, 0x0892C, 0x19300, 0x10205, 0x15CD2, 0x04F1C, 0x0F7F5, 0x0BA9E, 0x1D008, 0x111FA, 0x130E4, 0x01013, 0x0E056, 0x0E056, 0x01013, 0x130E4, 0x111FA, 0x1D008, 0x0BA9E, 0x0F7F5, 0x04F1C, 0x15CD2, 0x10205, 0x19300, 0x0892C, 0x0FFFF, 0x0892C, 0x19300, 0x10205, 0x15CD2, 0x04F1C, 
	0x0F7F5, 0x0BA9E, 0x1D008, 0x111FA, 0x130E4, 0x01013, 0x0E056, 0x0E056, 0x01013, 0x130E4, 0x111FA, 0x1D008, 0x0BA9E, 0x0F7F5, 0x04F1C, 0x15CD2, 0x10205, 0x19300, 0x0892C, 0x0FFFF, 0x0892C, 0x19300, 0x10205, 0x15CD2, 0x04F1C, 0x0F7F5, 0x0BA9E, 0x1D008, 0x111FA, 0x130E4, 0x01013, 0x0E056, 
	0x0E056, 0x01013, 0x130E4, 0x111FA, 0x1D008, 0x0BA9E, 0x0F7F5, 0x04F1C, 0x15CD2, 0x10205, 0x19300, 0x0892C, 0x0FFFF, 0x0892C, 0x19300, 0x10205, 0x15CD2, 0x04F1C, 0x0F7F5, 0x0BA9E, 0x1D008, 0x111FA, 0x130E4, 0x01013, 0x0E056, 0x0E056, 0x01013, 0x130E4, 0x111FA, 0x1D008, 0x0BA9E, 0x0F7F5, 
	0x04F1C, 0x15CD2, 0x10205, 0x19300, 0x0892C, 0x0FFFF, 0x0892C, 0x19300, 0x10205, 0x15CD2, 0x04F1C, 0x0F7F5, 0x0BA9E, 0x1D008, 0x111FA, 0x130E4, 0x01013, 0x0E056, 0x0E056, 0x01013, 0x130E4, 0x111FA, 0x1D008, 0x0BA9E, 0x0F7F5, 0x04F1C, 0x15CD2, 0x10205, 0x19300, 0x0892C, 0x0FFFF, 0x0892C, 
	0x19300, 0x10205, 0x15CD2, 0x04F1C, 0x0F7F5, 0x0BA9E, 0x1D008, 0x111FA, 0x130E4, 0x01013, 0x0E056, 0x0E056, 0x01013, 0x130E4, 0x111FA, 0x1D008, 0x0BA9E, 0x0F7F5, 0x04F1C, 0x15CD2, 0x10205, 0x19300, 0x0892C, 0x0FFFF, 0x0892C, 0x19300, 0x10205, 0x15CD2, 0x04F1C, 0x0F7F5, 0x0BA9E, 0x1D008, 
	0x111FA, 0x130E4, 0x01013, 0x0E056, 0x0E056, 0x01013, 0x130E4, 0x111FA, 0x1D008, 0x0BA9E, 0x0F7F5, 0x04F1C, 0x15CD2, 0x10205, 0x19300, 0x0892C, 0x0FFFF, 0x0892C, 0x19300, 0x10205, 0x15CD2, 0x04F1C, 0x0F7F5, 0x0BA9E, 0x1D008, 0x111FA, 0x130E4, 0x01013, 0x0E056, 0x0E056, 0x01013, 0x130E4, 
	0x111FA, 0x1D008, 0x0BA9E, 0x0F7F5, 0x04F1C, 0x15CD2, 0x10205, 0x19300, 0x0892C, 0x0FFFF, 0x0892C, 0x19300, 0x10205, 0x15CD2, 0x04F1C, 0x0F7F5, 0x0BA9E, 0x1D008, 0x111FA, 0x130E4, 0x01013, 0x0E056, 0x0E056, 0x01013, 0x130E4, 0x111FA, 0x1D008, 0x0BA9E, 0x0F7F5, 0x04F1C, 0x15CD2, 0x10205, 
	0x19300, 0x0892C, 0x0FFFF, 0x0892C, 0x19300, 0x10205, 0x15CD2, 0x04F1C, 0x0F7F5, 0x0BA9E, 0x1D008, 0x111FA, 0x130E4, 0x01013, 0x0E056, 0x0E056, 0x01013, 0x130E4, 0x111FA, 0x1D008, 0x0BA9E, 0x0F7F5, 0x04F1C, 0x15CD2, 0x10205, 0x19300, 0x0892C, 0x0FFFF, 0x0892C, 0x19300, 0x10205, 0x15CD2, 
	0x04F1C, 0x0F7F5, 0x0BA9E, 0x1D008, 0x111FA, 0x130E4, 0x01013, 0x0E056, 0x0E056, 0x01013, 0x130E4, 0x111FA, 0x1D008, 0x0BA9E, 0x0F7F5, 0x04F1C, 0x15CD2, 0x10205, 0x19300, 0x0892C, 0x0FFFF, 0x0892C, 0x19300, 0x10205, 0x15CD2, 0x04F1C, 0x0F7F5, 0x0BA9E, 0x1D008, 0x111FA, 0x130E4, 0x01013, 
	0x0E056, 0x0E056, 0x01013, 0x130E4, 0x111FA, 0x1D008, 0x0BA9E, 0x0F7F5, 0x04F1C, 0x15CD2, 0x10205, 0x19300, 0x0892C, 0x0FFFF, 0x0892C, 0x19300, 0x10205, 0x15CD2, 0x04F1C, 0x0F7F5, 0x0BA9E, 0x1D008, 0x111FA, 0x130E4, 0x01013, 0x0E056, 0x0E056, 0x01013, 0x130E4, 0x111FA, 0x1D008, 0x0BA9E, 
	0x0F7F5, 0x04F1C, 0x15CD2, 0x10205, 0x19300, 0x0892C, 0x0FFFF, 0x0892C, 0x19300, 0x10205, 0x15CD2, 0x04F1C, 0x0F7F5, 0x0BA9E, 0x1D008, 0x111FA, 0x130E4, 0x01013, 0x0E056, 0x0E056, 0x01013, 0x130E4, 0x111FA, 0x1D008, 0x0BA9E, 0x0F7F5, 0x04F1C, 0x15CD2, 0x10205, 0x19300, 0x0892C, 0x0FFFF, 
	0x0892C, 0x19300, 0x10205, 0x15CD2, 0x04F1C, 0x0F7F5, 0x0BA9E, 0x1D008, 0x111FA, 0x130E4, 0x01013, 0x0E056, 0x0E056, 0x01013, 0x130E4, 0x111FA, 0x1D008, 0x0BA9E, 0x0F7F5, 0x04F1C, 0x15CD2, 0x10205, 0x19300, 0x0892C, 0x0FFFF, 0x0892C, 0x19300, 0x10205, 0x15CD2, 0x04F1C, 0x0F7F5, 0x0BA9E, 
	0x1D008, 0x111FA, 0x130E4, 0x01013, 0x0E056, 0x0E056, 0x01013, 0x130E4, 0x111FA, 0x1D008, 0x0BA9E, 0x0F7F5, 0x04F1C, 0x15CD2, 0x10205, 0x19300, 0x0892C, 0x0FFFF, 0x0892C, 0x19300, 0x10205, 0x15CD2, 0x04F1C, 0x0F7F5, 0x0BA9E, 0x1D008, 0x111FA, 0x130E4, 0x01013, 0x0E056, 0x0E056, 0x01013, 
	0x130E4, 0x111FA, 0x1D008, 0x0BA9E, 0x0F7F5, 0x04F1C, 0x15CD2, 0x10205, 0x19300, 0x0892C, 0x0FFFF, 0x0892C, 0x19300, 0x10205, 0x15CD2, 0x04F1C, 0x0F7F5, 0x0BA9E, 0x1D008, 0x111FA, 0x130E4, 0x01013, 0x0E056, 0x0E056, 0x01013, 0x130E4, 0x111FA, 0x1D008, 0x0BA9E, 0x0F7F5, 0x04F1C, 0x15CD2, 
	0x10205, 0x19300, 0x0892C, 0x0FFFF, 0x0892C, 0x19300, 0x10205, 0x15CD2, 0x04F1C, 0x0F7F5, 0x0BA9E, 0x1D008, 0x111FA, 0x130E4, 0x01013, 0x0E056, 0x0E056, 0x01013, 0x130E4, 0x111FA, 0x1D008, 0x0BA9E, 0x0F7F5, 0x04F1C, 0x15CD2, 0x10205, 0x19300, 0x0892C, 0x0FFFF, 0x0892C, 0x19300, 0x10205, 
	0x15CD2, 0x04F1C, 0x0F7F5, 0x0BA9E, 0x1D008, 0x111FA, 0x130E4, 0x01013, 0x0E056, 0x0E056, 0x01013, 0x130E4, 0x111FA, 0x1D008, 0x0BA9E, 0x0F7F5, 0x04F1C, 0x15CD2, 0x10205, 0x19300, 0x0892C, 0x0FFFF, 0x0892C, 0x19300, 0x10205, 0x15CD2, 0x04F1C, 0x0F7F5, 0x0BA9E, 0x1D008, 0x111FA, 0x130E4, 
	0x01013, 0x0E056, 0x0E056, 0x01013, 0x130E4, 0x111FA, 0x1D008, 0x0BA9E, 0x0F7F5, 0x04F1C, 0x15CD2, 0x10205, 0x19300, 0x0892C, 0x0FFFF, 0x0892C, 0x19300, 0x10205, 0x15CD2, 0x04F1C, 0x0F7F5, 0x0BA9E, 0x1D008, 0x111FA, 0x130E4, 0x01013, 0x0E056, 0x0E056, 0x01013, 0x130E4, 0x111FA, 0x1D008, 
	0x0BA9E, 0x0F7F5, 0x04F1C, 0x15CD2, 0x10205, 0x19300, 0x0892C, 0x0FFFF, 0x0892C, 0x19300, 0x10205, 0x15CD2, 0x04F1C, 0x0F7F5, 0x0BA9E, 0x1D008, 0x111FA, 0x130E4, 0x01013, 0x0E056, 0x0E056, 0x01013, 0x130E4, 0x111FA, 0x1D008, 0x0BA9E, 0x0F7F5, 0x04F1C, 0x15CD2, 0x10205, 0x19300, 0x0892C, 
	0x0FFFF, 0x0892C, 0x19300, 0x10205, 0x15CD2, 0x04F1C, 0x0F7F5, 0x0BA9E, 0x1D008, 0x111FA, 0x130E4, 0x01013, 0x0E056, 0x0E056, 0x01013, 0x130E4, 0x111FA, 0x1D008, 0x0BA9E, 0x0F7F5, 0x04F1C, 0x15CD2, 0x10205, 0x19300, 0x0892C, 0x0FFFF, 0x0892C, 0x19300, 0x10205, 0x15CD2, 0x04F1C, 0x0F7F5, 
	0x0BA9E, 0x1D008, 0x111FA, 0x130E4, 0x01013, 0x0E056, 0x0E056, 0x01013, 0x130E4, 0x111FA, 0x1D008, 0x0BA9E, 0x0F7F5, 0x04F1C, 0x15CD2, 0x10205, 0x19300, 0x0892C, 0x0FFFF, 0x0892C, 0x19300, 0x10205, 0x15CD2, 0x04F1C, 0x0F7F5, 0x0BA9E, 0x1D008, 0x111FA, 0x130E4, 0x01013, 0x0E056, 0x0E056, 
	0x01013, 0x130E4, 0x111FA, 0x1D008, 0x0BA9E, 0x0F7F5, 0x04F1C, 0x15CD2, 0x10205, 0x19300, 0x0892C, 0x0FFFF, 0x0892C, 0x19300, 0x10205, 0x15CD2, 0x04F1C, 0x0F7F5, 0x0BA9E, 0x1D008, 0x111FA, 0x130E4, 0x01013, 0x0E056, 0x0E056, 0x01013, 0x130E4, 0x111FA, 0x1D008, 0x0BA9E, 0x0F7F5, 0x04F1C, 
	0x15CD2, 0x10205, 0x19300, 0x0892C, 0x0FFFF, 0x0892C, 0x19300, 0x10205, 0x15CD2, 0x04F1C, 0x0F7F5, 0x0BA9E, 0x1D008, 0x111FA, 0x130E4, 0x01013, 0x0E056, 0x0E056, 0x01013, 0x130E4, 0x111FA, 0x1D008, 0x0BA9E, 0x0F7F5, 0x04F1C, 0x15CD2, 0x10205, 0x19300, 0x0892C, 0x0FFFF, 0x0892C, 0x19300, 
	0x10205, 0x15CD2, 0x04F1C, 0x0F7F5, 0x0BA9E, 0x1D008, 0x111FA, 0x130E4, 0x01013, 0x0E056, 0x0E056, 0x01013, 0x130E4, 0x111FA, 0x1D008, 0x0BA9E, 0x0F7F5, 0x04F1C, 0x15CD2, 0x10205, 0x19300, 0x0892C, 0x0FFFF, 0x0892C, 0x19300, 0x10205, 0x15CD2, 0x04F1C, 0x0F7F5, 0x0BA9E, 0x1D008, 0x111FA, 
	0x130E4, 0x01013, 0x0E056, 0x0E056, 0x01013, 0x130E4, 0x111FA, 0x1D008, 0x0BA9E, 0x0F7F5, 0x04F1C, 0x15CD2, 0x10205, 0x19300, 0x0892C, 0x0FFFF, 0x0892C, 0x19300, 0x10205, 0x15CD2, 0x04F1C, 0x0F7F5, 0x0BA9E, 0x1D008, 0x111FA, 0x130E4, 0x01013, 0x0E056, 0x0E056, 0x01013, 0x130E4, 0x111FA, 
	0x1D008, 0x0BA9E, 0x0F7F5, 0x04F1C, 0x15CD2, 0x10205, 0x19300, 0x0892C, 0x0FFFF, 0x0892C, 0x19300, 0x10205, 0x15CD2, 0x04F1C, 0x0F7F5, 0x0BA9E, 0x1D008, 0x111FA, 0x130E4, 0x01013, 0x0E056, 0x0E056, 0x01013, 0x130E4, 0x111FA, 0x1D008, 0x0BA9E, 0x0F7F5, 0x04F1C, 0x15CD2, 0x10205, 0x19300, 
	0x0892C, 0x0FFFF, 0x0892C, 0x19300, 0x10205, 0x15CD2, 0x04F1C, 0x0F7F5, 0x0BA9E, 0x1D008, 0x111FA, 0x130E4, 0x01013, 0x0E056, 0x0E056, 0x01013, 0x130E4, 0x111FA, 0x1D008, 0x0BA9E, 0x0F7F5, 0x04F1C, 0x15CD2, 0x10205, 0x19300, 0x0892C, 0x0FFFF, 0x0892C, 0x19300, 0x10205, 0x15CD2, 0x04F1C, 
	0x0F7F5, 0x0BA9E, 0x1D008, 0x111FA, 0x130E4, 0x01013, 0x0E056, 0x0E056, 0x01013, 0x130E4, 0x111FA, 0x1D008, 0x0BA9E, 0x0F7F5, 0x04F1C, 0x15CD2, 0x10205, 0x19300, 0x0892C, 0x0FFFF, 0x0892C, 0x19300, 0x10205, 0x15CD2, 0x04F1C, 0x0F7F5, 0x0BA9E, 0x1D008, 0x111FA, 0x130E4, 0x01013, 0x0E056, 
	0x0E056, 0x01013, 0x130E4, 0x111FA, 0x1D008, 0x0BA9E, 0x0F7F5, 0x04F1C, 0x15CD2, 0x10205, 0x19300, 0x0892C, 0x0FFFF, 0x0892C, 0x19300, 0x10205, 0x15CD2, 0x04F1C, 0x0F7F5, 0x0BA9E, 0x1D008, 0x111FA, 0x130E4, 0x01013, 0x0E056, 0x0E056, 0x01013, 0x130E4, 0x111FA, 0x1D008, 0x0BA9E, 0x0F7F5, 
	0x04F1C, 0x15CD2, 0x10205, 0x19300, 0x0892C, 0x0FFFF, 0x0892C, 0x19300, 0x10205, 0x15CD2, 0x04F1C, 0x0F7F5, 0x0BA9E, 0x1D008, 0x111FA, 0x130E4, 0x01013, 0x0E056, 0x0E056, 0x01013, 0x130E4, 0x111FA, 0x1D008, 0x0BA9E, 0x0F7F5, 0x04F1C, 0x15CD2, 0x10205, 0x19300, 0x0892C, 0x0FFFF, 0x0892C, 
	0x19300, 0x10205, 0x15CD2, 0x04F1C, 0x0F7F5, 0x0BA9E, 0x1D008, 0x111FA, 0x130E4, 0x01013, 0x0E056, 0x0E056, 0x01013, 0x130E4, 0x111FA, 0x1D008, 0x0BA9E, 0x0F7F5, 0x04F1C, 0x15CD2, 0x10205, 0x19300, 0x0892C, 0x0FFFF, 0x0892C, 0x19300, 0x10205, 0x15CD2, 0x04F1C, 0x0F7F5, 0x0BA9E, 0x1D008, 
	0x111FA, 0x130E4, 0x01013, 0x0E056, 0x0E056, 0x01013, 0x130E4, 0x111FA, 0x1D008, 0x0BA9E, 0x0F7F5, 0x04F1C, 0x15CD2, 0x10205, 0x19300, 0x0892C, 0x0FFFF, 0x0892C, 0x19300, 0x10205, 0x15CD2, 0x04F1C, 0x0F7F5, 0x0BA9E, 0x1D008, 0x111FA, 0x130E4, 0x01013, 0x0E056, 0x0E056, 0x01013, 0x130E4, 
	0x111FA, 0x1D008, 0x0BA9E, 0x0F7F5, 0x04F1C, 0x15CD2, 0x10205, 0x19300, 0x0892C, 0x0FFFF, 0x0892C, 0x19300, 0x10205, 0x15CD2, 0x04F1C, 0x0F7F5, 0x0BA9E, 0x1D008, 0x111FA, 0x130E4, 0x01013, 0x0E056, 0x0E056, 0x01013, 0x130E4, 0x111FA, 0x1D008, 0x0BA9E, 0x0F7F5, 0x04F1C, 0x15CD2, 0x10205, 
	0x19300, 0x0892C, 0x0FFFF, 0x0892C, 0x19300, 0x10205, 0x15CD2, 0x04F1C, 0x0F7F5, 0x0BA9E, 0x1D008, 0x111FA, 0x130E4, 0x01013, 0x0E056, 0x0E056, 0x01013, 0x130E4, 0x111FA, 0x1D008, 0x0BA9E, 0x0F7F5, 0x04F1C, 0x15CD2, 0x10205, 0x19300, 0x0892C, 0x0FFFF, 0x0892C, 0x19300, 0x10205, 0x15CD2, 
	0x04F1C, 0x0F7F5, 0x0BA9E, 0x1D008, 0x111FA, 0x130E4, 0x01013, 0x0E056, 0x0E056, 0x01013, 0x130E4, 0x111FA, 0x1D008, 0x0BA9E, 0x0F7F5, 0x04F1C, 0x15CD2, 0x10205, 0x19300, 0x0892C, 0x0FFFF, 0x0892C, 0x19300, 0x10205, 0x15CD2, 0x04F1C, 0x0F7F5, 0x0BA9E, 0x1D008, 0x111FA, 0x130E4, 0x01013, 
	0x0E056, 0x0E056, 0x01013, 0x130E4, 0x111FA, 0x1D008, 0x0BA9E, 0x0F7F5, 0x04F1C, 0x15CD2, 0x10205, 0x19300, 0x0892C, 0x0FFFF, 0x0892C, 0x19300, 0x10205, 0x15CD2, 0x04F1C, 0x0F7F5, 0x0BA9E, 0x1D008, 0x111FA, 0x130E4, 0x01013, 0x0E056, 0x0E056, 0x01013, 0x130E4, 0x111FA, 0x1D008, 0x0BA9E, 
	0x0F7F5, 0x04F1C, 0x15CD2, 0x10205, 0x19300, 0x0892C, 0x0FFFF, 0x0892C, 0x19300, 0x10205, 0x15CD2, 0x04F1C, 0x0F7F5, 0x0BA9E, 0x1D008, 0x111FA, 0x130E4, 0x01013, 0x0E056, 0x0E056, 0x01013, 0x130E4, 0x111FA, 0x1D008, 0x0BA9E, 0x0F7F5, 0x04F1C, 0x15CD2, 0x10205, 0x19300, 0x0892C, 0x0FFFF, 
	0x0892C, 0x19300, 0x10205, 0x15CD2, 0x04F1C, 0x0F7F5, 0x0BA9E, 0x1D008, 0x111FA, 0x130E4, 0x01013, 0x0E056, 0x0E056, 0x01013, 0x130E4, 0x111FA, 0x1D008, 0x0BA9E, 0x0F7F5, 0x04F1C, 0x15CD2, 0x10205, 0x19300, 0x0892C, 0x0FFFF, 0x0892C, 0x19300, 0x10205, 0x15CD2, 0x04F1C, 0x0F7F5, 0x0BA9E, 
	0x1D008, 0x111FA, 0x130E4, 0x01013, 0x0E056, 0x0E056, 0x01013, 0x130E4, 0x111FA, 0x1D008, 0x0BA9E, 0x0F7F5, 0x04F1C, 0x15CD2, 0x10205, 0x19300, 0x0892C, 0x0FFFF, 0x0892C, 0x19300, 0x10205, 0x15CD2, 0x04F1C, 0x0F7F5, 0x0BA9E, 0x1D008, 0x111FA, 0x130E4, 0x01013, 0x0E056, 0x0E056, 0x01013, 
	0x130E4, 0x111FA, 0x1D008, 0x0BA9E, 0x0F7F5, 0x04F1C, 0x15CD2, 0x10205, 0x19300, 0x0892C, 0x0FFFF, 0x0892C, 0x19300, 0x10205, 0x15CD2, 0x04F1C, 0x0F7F5, 0x0BA9E, 0x1D008, 0x111FA, 0x130E4, 0x01013, 0x0E056, 0x0E056, 0x01013, 0x130E4, 0x111FA, 0x1D008, 0x0BA9E, 0x0F7F5, 0x04F1C, 0x15CD2, 
	0x10205, 0x19300, 0x0892C, 0x0FFFF, 0x0892C, 0x19300, 0x10205, 0x15CD2, 0x04F1C, 0x0F7F5, 0x0BA9E, 0x1D008, 0x111FA, 0x130E4, 0x01013, 0x0E056, 0x0E056, 0x01013, 0x130E4, 0x111FA, 0x1D008, 0x0BA9E, 0x0F7F5, 0x04F1C, 0x15CD2, 0x10205, 0x19300, 0x0892C, 0x0FFFF, 0x0892C, 0x19300, 0x10205, 
	0x15CD2, 0x04F1C, 0x0F7F5, 0x0BA9E, 0x1D008, 0x111FA, 0x130E4, 0x01013, 0x0E056, 0x0E056, 0x01013, 0x130E4, 0x111FA, 0x1D008, 0x0BA9E, 0x0F7F5, 0x04F1C, 0x15CD2, 0x10205, 0x19300, 0x0892C, 0x0FFFF, 0x0892C, 0x19300, 0x10205, 0x15CD2, 0x04F1C, 0x0F7F5, 0x0BA9E, 0x1D008, 0x111FA, 0x130E4, 
	0x01013, 0x0E056, 0x0E056, 0x01013, 0x130E4, 0x111FA, 0x1D008, 0x0BA9E, 0x0F7F5, 0x04F1C, 0x15CD2, 0x10205, 0x19300, 0x0892C, 0x0FFFF, 0x0892C, 0x19300, 0x10205, 0x15CD2, 0x04F1C, 0x0F7F5, 0x0BA9E, 0x1D008, 0x111FA, 0x130E4, 0x01013, 0x0E056, 0x0E056, 0x01013, 0x130E4, 0x111FA, 0x1D008, 
	0x0BA9E, 0x0F7F5, 0x04F1C, 0x15CD2, 0x10205, 0x19300, 0x0892C, 0x0FFFF, 0x0892C, 0x19300, 0x10205, 0x15CD2, 0x04F1C, 0x0F7F5, 0x0BA9E, 0x1D008, 0x111FA, 0x130E4, 0x01013, 0x0E056, 0x0E056, 0x01013, 0x130E4, 0x111FA, 0x1D008, 0x0BA9E, 0x0F7F5, 0x04F1C, 0x15CD2, 0x10205, 0x19300, 0x0892C, 
	0x0FFFF, 0x0892C, 0x19300, 0x10205, 0x15CD2, 0x04F1C, 0x0F7F5, 0x0BA9E, 0x1D008, 0x111FA, 0x130E4, 0x01013, 0x0E056, 0x0E056, 0x01013, 0x130E4, 0x111FA, 0x1D008, 0x0BA9E, 0x0F7F5, 0x04F1C, 0x15CD2, 0x10205, 0x19300, 0x0892C, 0x0FFFF, 0x0892C, 0x19300, 0x10205, 0x15CD2, 0x04F1C, 0x0F7F5, 
	0x0BA9E, 0x1D008, 0x111FA, 0x130E4, 0x01013, 0x0E056, 0x0E056, 0x01013, 0x130E4, 0x111FA, 0x1D008, 0x0BA9E, 0x0F7F5, 0x04F1C, 0x15CD2, 0x10205, 0x19300, 0x0892C, 0x0FFFF, 0x0892C, 0x19300, 0x10205, 0x15CD2, 0x04F1C, 0x0F7F5, 0x0BA9E, 0x1D008, 0x111FA, 0x130E4, 0x01013, 0x0E056, 0x0E056, 
	0x01013, 0x130E4, 0x111FA, 0x1D008, 0x0BA9E, 0x0F7F5, 0x04F1C, 0x15CD2, 0x10205, 0x19300, 0x0892C, 0x0FFFF, 0x0892C, 0x19300, 0x10205, 0x15CD2, 0x04F1C, 0x0F7F5, 0x0BA9E, 0x1D008, 0x111FA, 0x130E4, 0x01013, 0x0E056, 0x0E056, 0x01013, 0x130E4, 0x111FA, 0x1D008, 0x0BA9E, 0x0F7F5, 0x04F1C, 
	0x15CD2, 0x10205, 0x19300, 0x0892C, 0x0FFFF, 0x0892C, 0x19300, 0x10205, 0x15CD2, 0x04F1C, 0x0F7F5, 0x0BA9E, 0x1D008, 0x111FA, 0x130E4, 0x01013, 0x0E056, 0x0E056, 0x01013, 0x130E4, 0x111FA, 0x1D008, 0x0BA9E, 0x0F7F5, 0x04F1C, 0x15CD2, 0x10205, 0x19300, 0x0892C, 0x0FFFF, 0x0892C, 0x19300, 
	0x10205, 0x15CD2, 0x04F1C, 0x0F7F5, 0x0BA9E, 0x1D008, 0x111FA, 0x130E4, 0x01013, 0x0E056, 0x0E056, 0x01013, 0x130E4, 0x111FA, 0x1D008, 0x0BA9E, 0x0F7F5, 0x04F1C, 0x15CD2, 0x10205, 0x19300, 0x0892C, 0x0FFFF, 0x0892C, 0x19300, 0x10205, 0x15CD2, 0x04F1C, 0x0F7F5, 0x0BA9E, 0x1D008, 0x111FA, 
	0x130E4, 0x01013, 0x0E056, 0x0E056, 0x01013, 0x130E4, 0x111FA, 0x1D008, 0x0BA9E, 0x0F7F5, 0x04F1C, 0x15CD2, 0x10205, 0x19300, 0x0892C, 0x0FFFF, 0x0892C, 0x19300, 0x10205, 0x15CD2, 0x04F1C, 0x0F7F5, 0x0BA9E, 0x1D008, 0x111FA, 0x130E4, 0x01013, 0x0E056, 0x0E056, 0x01013, 0x130E4, 0x111FA, 
	0x1D008, 0x0BA9E, 0x0F7F5, 0x04F1C, 0x15CD2, 0x10205, 0x19300, 0x0892C, 0x0FFFF, 0x0892C, 0x19300, 0x10205, 0x15CD2, 0x04F1C, 0x0F7F5, 0x0BA9E, 0x1D008, 0x111FA, 0x130E4, 0x01013, 0x0E056, 0x0E056, 0x01013, 0x130E4, 0x111FA, 0x1D008, 0x0BA9E, 0x0F7F5, 0x04F1C, 0x15CD2, 0x10205, 0x19300, 
	0x0892C, 0x0FFFF, 0x0892C, 0x19300, 0x10205, 0x15CD2, 0x04F1C, 0x0F7F5, 0x0BA9E, 0x1D008, 0x111FA, 0x130E4, 0x01013, 0x0E056, 0x0E056, 0x01013, 0x130E4, 0x111FA, 0x1D008, 0x0BA9E, 0x0F7F5, 0x04F1C, 0x15CD2, 0x10205, 0x19300, 0x0892C, 0x0FFFF, 0x0892C, 0x19300, 0x10205, 0x15CD2, 0x04F1C, 
	0x0F7F5, 0x0BA9E, 0x1D008, 0x111FA, 0x130E4, 0x01013, 0x0E056, 0x0E056, 0x01013, 0x130E4, 0x111FA, 0x1D008, 0x0BA9E, 0x0F7F5, 0x04F1C, 0x15CD2, 0x10205, 0x19300, 0x0892C, 0x0FFFF, 0x0892C, 0x19300, 0x10205, 0x15CD2, 0x04F1C, 0x0F7F5, 0x0BA9E, 0x1D008, 0x111FA, 0x130E4, 0x01013, 0x0E056, 
	0x0E056, 0x01013, 0x130E4, 0x111FA, 0x1D008, 0x0BA9E, 0x0F7F5, 0x04F1C, 0x15CD2, 0x10205, 0x19300, 0x0892C, 0x0FFFF, 0x0892C, 0x19300, 0x10205, 0x15CD2, 0x04F1C, 0x0F7F5, 0x0BA9E, 0x1D008, 0x111FA, 0x130E4, 0x01013, 0x0E056, 0x0E056, 0x01013, 0x130E4, 0x111FA, 0x1D008, 0x0BA9E, 0x0F7F5, 
	0x04F1C, 0x15CD2, 0x10205, 0x19300, 0x0892C, 0x0FFFF, 0x0892C, 0x19300, 0x10205, 0x15CD2, 0x04F1C, 0x0F7F5, 0x0BA9E, 0x1D008, 0x111FA, 0x130E4, 0x01013, 0x0E056, 0x0E056, 0x01013, 0x130E4, 0x111FA, 0x1D008, 0x0BA9E, 0x0F7F5, 0x04F1C, 0x15CD2, 0x10205, 0x19300, 0x0892C, 0x0FFFF, 0x0892C, 
	0x19300, 0x10205, 0x15CD2, 0x04F1C, 0x0F7F5, 0x0BA9E, 0x1D008, 0x111FA, 0x130E4, 0x01013, 0x0E056, 0x0E056, 0x01013, 0x130E4, 0x111FA, 0x1D008, 0x0BA9E, 0x0F7F5, 0x04F1C, 0x15CD2, 0x10205, 0x19300, 0x0892C, 0x0FFFF, 0x0892C, 0x19300, 0x10205, 0x15CD2, 0x04F1C, 0x0F7F5, 0x0BA9E, 0x1D008, 
	0x111FA, 0x130E4, 0x01013, 0x0E056, 0x0E056, 0x01013, 0x130E4, 0x111FA, 0x1D008, 0x0BA9E, 0x0F7F5, 0x04F1C, 0x15CD2, 0x10205, 0x19300, 0x0892C, 0x0FFFF, 0x0892C, 0x19300, 0x10205, 0x15CD2, 0x04F1C, 0x0F7F5, 0x0BA9E, 0x1D008, 0x111FA, 0x130E4, 0x01013, 0x0E056, 0x0E056, 0x01013, 0x130E4, 
	0x111FA, 0x1D008, 0x0BA9E, 0x0F7F5, 0x04F1C, 0x15CD2, 0x10205, 0x19300, 0x0892C, 0x0FFFF, 0x0892C, 0x19300, 0x10205, 0x15CD2, 0x04F1C, 0x0F7F5, 0x0BA9E, 0x1D008, 0x111FA, 0x130E4, 0x01013, 0x0E056, 0x0E056, 0x01013, 0x130E4, 0x111FA, 0x1D008, 0x0BA9E, 0x0F7F5, 0x04F1C, 0x15CD2, 0x10205, 
	0x19300, 0x0892C, 0x0FFFF, 0x0892C, 0x19300, 0x10205, 0x15CD2, 0x04F1C, 0x0F7F5, 0x0BA9E, 0x1D008, 0x111FA, 0x130E4, 0x01013, 0x0E056, 0x0E056, 0x01013, 0x130E4, 0x111FA, 0x1D008, 0x0BA9E, 0x0F7F5, 0x04F1C, 0x15CD2, 0x10205, 0x19300, 0x0892C, 0x0FFFF, 0x0892C, 0x19300, 0x10205, 0x15CD2, 
	0x04F1C, 0x0F7F5, 0x0BA9E, 0x1D008, 0x111FA, 0x130E4, 0x01013, 0x0E056, 0x0E056, 0x01013, 0x130E4, 0x111FA, 0x1D008, 0x0BA9E, 0x0F7F5, 0x04F1C, 0x15CD2, 0x10205, 0x19300, 0x0892C, 0x0FFFF, 0x0892C, 0x19300, 0x10205, 0x15CD2, 0x04F1C, 0x0F7F5, 0x0BA9E, 0x1D008, 0x111FA, 0x130E4, 0x01013, 
	0x0E056, 0x0E056, 0x01013, 0x130E4, 0x111FA, 0x1D008, 0x0BA9E, 0x0F7F5, 0x04F1C, 0x15CD2, 0x10205, 0x19300, 0x0892C, 0x0FFFF, 0x0892C, 0x19300, 0x10205, 0x15CD2, 0x04F1C, 0x0F7F5, 0x0BA9E, 0x1D008, 0x111FA, 0x130E4, 0x01013, 0x0E056, 0x0E056, 0x01013, 0x130E4, 0x111FA, 0x1D008, 0x0BA9E, 
	0x0F7F5, 0x04F1C, 0x15CD2, 0x10205, 0x19300, 0x0892C, 0x0FFFF, 0x0892C, 0x19300, 0x10205, 0x15CD2, 0x04F1C, 0x0F7F5, 0x0BA9E, 0x1D008, 0x111FA, 0x130E4, 0x01013, 0x0E056, 0x0E056, 0x01013, 0x130E4, 0x111FA, 0x1D008, 0x0BA9E, 0x0F7F5, 0x04F1C, 0x15CD2, 0x10205, 0x19300, 0x0892C, 0x0FFFF, 
	0x0892C, 0x19300, 0x10205, 0x15CD2, 0x04F1C, 0x0F7F5, 0x0BA9E, 0x1D008, 0x111FA, 0x130E4, 0x01013, 0x0E056, 0x0E056, 0x01013, 0x130E4, 0x111FA, 0x1D008, 0x0BA9E, 0x0F7F5, 0x04F1C, 0x15CD2, 0x10205, 0x19300, 0x0892C, 0x0FFFF, 0x0892C, 0x19300, 0x10205, 0x15CD2, 0x04F1C, 0x0F7F5, 0x0BA9E, 
	0x1D008, 0x111FA, 0x130E4, 0x01013, 0x0E056, 0x0E056, 0x01013, 0x130E4, 0x111FA, 0x1D008, 0x0BA9E, 0x0F7F5, 0x04F1C, 0x15CD2, 0x10205, 0x19300, 0x0892C, 0x0FFFF, 0x0892C, 0x19300, 0x10205, 0x15CD2, 0x04F1C, 0x0F7F5, 0x0BA9E, 0x1D008, 0x111FA, 0x130E4, 0x01013, 0x0E056, 0x0E056, 0x01013, 
	0x130E4, 0x111FA, 0x1D008, 0x0BA9E, 0x0F7F5, 0x04F1C, 0x15CD2, 0x10205, 0x19300, 0x0892C, 0x0FFFF, 0x0892C, 0x19300, 0x10205, 0x15CD2, 0x04F1C, 0x0F7F5, 0x0BA9E, 0x1D008, 0x111FA, 0x130E4, 0x01013, 0x0E056, 0x0E056, 0x01013, 0x130E4, 0x111FA, 0x1D008, 0x0BA9E, 0x0F7F5, 0x04F1C, 0x15CD2, 
	0x10205, 0x19300, 0x0892C, 0x0FFFF, 0x0892C, 0x19300, 0x10205, 0x15CD2, 0x04F1C, 0x0F7F5, 0x0BA9E, 0x1D008, 0x111FA, 0x130E4, 0x01013, 0x0E056, 0x0E056, 0x01013, 0x130E4, 0x111FA, 0x1D008, 0x0BA9E, 0x0F7F5, 0x04F1C, 0x15CD2, 0x10205, 0x19300, 0x0892C, 0x0FFFF, 0x0892C, 0x19300, 0x10205, 
	0x15CD2, 0x04F1C, 0x0F7F5, 0x0BA9E, 0x1D008, 0x111FA, 0x130E4, 0x01013, 0x0E056, 0x0E056, 0x01013, 0x130E4, 0x111FA, 0x1D008, 0x0BA9E, 0x0F7F5, 0x04F1C, 0x15CD2, 0x10205, 0x19300, 0x0892C, 0x0FFFF, 0x0892C, 0x19300, 0x10205, 0x15CD2, 0x04F1C, 0x0F7F5, 0x0BA9E, 0x1D008, 0x111FA, 0x130E4, 
	0x01013, 0x0E056, 0x0E056, 0x01013, 0x130E4, 0x111FA, 0x1D008, 0x0BA9E, 0x0F7F5, 0x04F1C, 0x15CD2, 0x10205, 0x19300, 0x0892C, 0x0FFFF, 0x0892C, 0x19300, 0x10205, 0x15CD2, 0x04F1C, 0x0F7F5, 0x0BA9E, 0x1D008, 0x111FA, 0x130E4, 0x01013, 0x0E056, 0x0E056, 0x01013, 0x130E4, 0x111FA, 0x1D008, 
	0x0BA9E, 0x0F7F5, 0x04F1C, 0x15CD2, 0x10205, 0x19300, 0x0892C, 0x0FFFF, 0x0892C, 0x19300, 0x10205, 0x15CD2, 0x04F1C, 0x0F7F5, 0x0BA9E, 0x1D008, 0x111FA, 0x130E4, 0x01013, 0x0E056, 0x0E056, 0x01013, 0x130E4, 0x111FA, 0x1D008, 0x0BA9E, 0x0F7F5, 0x04F1C, 0x15CD2, 0x10205, 0x19300, 0x0892C, 
	0x0FFFF, 0x0892C, 0x19300, 0x10205, 0x15CD2, 0x04F1C, 0x0F7F5, 0x0BA9E, 0x1D008, 0x111FA, 0x130E4, 0x01013, 0x0E056, 0x0E056, 0x01013, 0x130E4, 0x111FA, 0x1D008, 0x0BA9E, 0x0F7F5, 0x04F1C, 0x15CD2, 0x10205, 0x19300, 0x0892C, 0x0FFFF, 0x0892C, 0x19300, 0x10205, 0x15CD2, 0x04F1C, 0x0F7F5, 
	0x0BA9E, 0x1D008, 0x111FA, 0x130E4, 0x01013, 0x0E056, 0x0E056, 0x01013, 0x130E4, 0x111FA, 0x1D008, 0x0BA9E, 0x0F7F5, 0x04F1C, 0x15CD2, 0x10205, 0x19300, 0x0892C, 0x0FFFF, 0x0892C, 0x19300, 0x10205, 0x15CD2, 0x04F1C, 0x0F7F5, 0x0BA9E, 0x1D008, 0x111FA, 0x130E4, 0x01013, 0x0E056, 0x0E056, 
	0x01013, 0x130E4, 0x111FA, 0x1D008, 0x0BA9E, 0x0F7F5, 0x04F1C, 0x15CD2, 0x10205, 0x19300, 0x0892C, 0x0FFFF, 0x0892C, 0x19300, 0x10205, 0x15CD2, 0x04F1C, 0x0F7F5, 0x0BA9E, 0x1D008, 0x111FA, 0x130E4, 0x01013, 0x0E056, 0x0E056, 0x01013, 0x130E4, 0x111FA, 0x1D008, 0x0BA9E, 0x0F7F5, 0x04F1C, 
	0x15CD2, 0x10205, 0x19300, 0x0892C, 0x0FFFF, 0x0892C, 0x19300, 0x10205, 0x15CD2, 0x04F1C, 0x0F7F5, 0x0BA9E, 0x1D008, 0x111FA, 0x130E4, 0x01013, 0x0E056, 0x0E056, 0x01013, 0x130E4, 0x111FA, 0x1D008, 0x0BA9E, 0x0F7F5, 0x04F1C, 0x15CD2, 0x10205, 0x19300, 0x0892C, 0x0FFFF, 0x0892C, 0x19300, 
	0x10205, 0x15CD2, 0x04F1C, 0x0F7F5, 0x0BA9E, 0x1D008, 0x111FA, 0x130E4, 0x01013, 0x0E056, 0x0E056, 0x01013, 0x130E4, 0x111FA, 0x1D008, 0x0BA9E, 0x0F7F5, 0x04F1C, 0x15CD2, 0x10205, 0x19300, 0x0892C, 0x0FFFF, 0x0892C, 0x19300, 0x10205, 0x15CD2, 0x04F1C, 0x0F7F5, 0x0BA9E, 0x1D008, 0x111FA, 
	0x130E4, 0x01013, 0x0E056, 0x0E056, 0x01013, 0x130E4, 0x111FA, 0x1D008, 0x0BA9E, 0x0F7F5, 0x04F1C, 0x15CD2, 0x10205, 0x19300, 0x0892C, 0x0FFFF, 0x0892C, 0x19300, 0x10205, 0x15CD2, 0x04F1C, 0x0F7F5, 0x0BA9E, 0x1D008, 0x111FA, 0x130E4, 0x01013, 0x0E056, 0x0E056, 0x01013, 0x130E4, 0x111FA, 
	0x1D008, 0x0BA9E, 0x0F7F5, 0x04F1C, 0x15CD2, 0x10205, 0x19300, 0x0892C, 0x0FFFF, 0x0892C, 0x19300, 0x10205, 0x15CD2, 0x04F1C, 0x0F7F5, 0x0BA9E, 0x1D008, 0x111FA, 0x130E4, 0x01013, 0x0E056, 0x0E056, 0x01013, 0x130E4, 0x111FA, 0x1D008, 0x0BA9E, 0x0F7F5, 0x04F1C, 0x15CD2, 0x10205, 0x19300, 
	0x0892C, 0x0FFFF, 0x0892C, 0x19300, 0x10205, 0x15CD2, 0x04F1C, 0x0F7F5, 0x0BA9E, 0x1D008, 0x111FA, 0x130E4, 0x01013, 0x0E056, 0x0E056, 0x01013, 0x130E4, 0x111FA, 0x1D008, 0x0BA9E, 0x0F7F5, 0x04F1C, 0x15CD2, 0x10205, 0x19300, 0x0892C, 0x0FFFF, 0x0892C, 0x19300, 0x10205, 0x15CD2, 0x04F1C, 
	0x0F7F5, 0x0BA9E, 0x1D008, 0x111FA, 0x130E4, 0x01013, 0x0E056, 0x0E056, 0x01013, 0x130E4, 0x111FA, 0x1D008, 0x0BA9E, 0x0F7F5, 0x04F1C, 0x15CD2, 0x10205, 0x19300, 0x0892C, 0x0FFFF, 0x0892C, 0x19300, 0x10205, 0x15CD2, 0x04F1C, 0x0F7F5, 0x0BA9E, 0x1D008, 0x111FA, 0x130E4, 0x01013, 0x0E056, 
	0x0E056, 0x01013, 0x130E4, 0x111FA, 0x1D008, 0x0BA9E, 0x0F7F5, 0x04F1C, 0x15CD2, 0x10205, 0x19300, 0x0892C, 0x0FFFF, 0x0892C, 0x19300, 0x10205, 0x15CD2, 0x04F1C, 0x0F7F5, 0x0BA9E, 0x1D008, 0x111FA, 0x130E4, 0x01013, 0x0E056, 0x0E056, 0x01013, 0x130E4, 0x111FA, 0x1D008, 0x0BA9E, 0x0F7F5, 
	0x04F1C, 0x15CD2, 0x10205, 0x19300, 0x0892C, 0x0FFFF, 0x0892C, 0x19300, 0x10205, 0x15CD2, 0x04F1C, 0x0F7F5, 0x0BA9E, 0x1D008, 0x111FA, 0x130E4, 0x01013, 0x0E056, 0x0E056, 0x01013, 0x130E4, 0x111FA, 0x1D008, 0x0BA9E, 0x0F7F5, 0x04F1C, 0x15CD2, 0x10205, 0x19300, 0x0892C, 0x0FFFF, 0x0892C, 
	0x19300, 0x10205, 0x15CD2, 0x04F1C, 0x0F7F5, 0x0BA9E, 0x1D008, 0x111FA, 0x130E4, 0x01013, 0x0E056, 0x0E056, 0x01013, 0x130E4, 0x111FA, 0x1D008, 0x0BA9E, 0x0F7F5, 0x04F1C, 0x15CD2, 0x10205, 0x19300, 0x0892C, 0x0FFFF, 0x0892C, 0x19300, 0x10205, 0x15CD2, 0x04F1C, 0x0F7F5, 0x0BA9E, 0x1D008, 
	0x111FA, 0x130E4, 0x01013, 0x0E056, 0x0E056, 0x01013, 0x130E4, 0x111FA, 0x1D008, 0x0BA9E, 0x0F7F5, 0x04F1C, 0x15CD2, 0x10205, 0x19300, 0x0892C, 0x0FFFF, 0x0892C, 0x19300, 0x10205, 0x15CD2, 0x04F1C, 0x0F7F5, 0x0BA9E, 0x1D008, 0x111FA, 0x130E4, 0x01013, 0x0E056, 0x0E056, 0x01013, 0x130E4, 
	0x111FA, 0x1D008, 0x0BA9E, 0x0F7F5, 0x04F1C, 0x15CD2, 0x10205, 0x19300, 0x0892C, 0x0FFFF, 0x0892C, 0x19300, 0x10205, 0x15CD2, 0x04F1C, 0x0F7F5, 0x0BA9E, 0x1D008, 0x111FA, 0x130E4, 0x01013, 0x0E056, 0x0E056, 0x01013, 0x130E4, 0x111FA, 0x1D008, 0x0BA9E, 0x0F7F5, 0x04F1C, 0x15CD2, 0x10205, 
	0x19300, 0x0892C, 0x0FFFF, 0x0892C, 0x19300, 0x10205, 0x15CD2, 0x04F1C, 0x0F7F5, 0x0BA9E, 0x1D008, 0x111FA, 0x130E4, 0x01013, 0x0E056, 0x0E056, 0x01013, 0x130E4, 0x111FA, 0x1D008, 0x0BA9E, 0x0F7F5, 0x04F1C, 0x15CD2, 0x10205, 0x19300, 0x0892C, 0x0FFFF, 0x0892C, 0x19300, 0x10205, 0x15CD2, 
	0x04F1C, 0x0F7F5, 0x0BA9E, 0x1D008, 0x111FA, 0x130E4, 0x01013, 0x0E056, 0x0E056, 0x01013, 0x130E4, 0x111FA, 0x1D008, 0x0BA9E, 0x0F7F5, 0x04F1C, 0x15CD2, 0x10205, 0x19300, 0x0892C, 0x0FFFF, 0x0892C, 0x19300, 0x10205, 0x15CD2, 0x04F1C, 0x0F7F5, 0x0BA9E, 0x1D008, 0x111FA, 0x130E4, 0x01013, 
	0x0E056, 0x0E056, 0x01013, 0x130E4, 0x111FA, 0x1D008, 0x0BA9E, 0x0F7F5, 0x04F1C, 0x15CD2, 0x10205, 0x19300, 0x0892C, 0x0FFFF, 0x0892C, 0x19300, 0x10205, 0x15CD2, 0x04F1C, 0x0F7F5, 0x0BA9E, 0x1D008, 0x111FA, 0x130E4, 0x01013, 0x0E056, 0x0E056, 0x01013, 0x130E4, 0x111FA, 0x1D008, 0x0BA9E, 
	0x0F7F5, 0x04F1C, 0x15CD2, 0x10205, 0x19300, 0x0892C, 0x0FFFF, 0x0892C, 0x19300, 0x10205, 0x15CD2, 0x04F1C, 0x0F7F5, 0x0BA9E, 0x1D008, 0x111FA, 0x130E4, 0x01013, 0x0E056, 0x0E056, 0x01013, 0x130E4, 0x111FA, 0x1D008, 0x0BA9E, 0x0F7F5, 0x04F1C, 0x15CD2, 0x10205, 0x19300, 0x0892C, 0x0FFFF, 
	0x0892C, 0x19300, 0x10205, 0x15CD2, 0x04F1C, 0x0F7F5, 0x0BA9E, 0x1D008, 0x111FA, 0x130E4, 0x01013, 0x0E056, 0x0E056, 0x01013, 0x130E4, 0x111FA, 0x1D008, 0x0BA9E, 0x0F7F5, 0x04F1C, 0x15CD2, 0x10205, 0x19300, 0x0892C, 0x0FFFF, 0x0892C, 0x19300, 0x10205, 0x15CD2, 0x04F1C, 0x0F7F5, 0x0BA9E, 
	0x1D008, 0x111FA, 0x130E4, 0x01013, 0x0E056, 0x0E056, 0x01013, 0x130E4, 0x111FA, 0x1D008, 0x0BA9E, 0x0F7F5, 0x04F1C, 0x15CD2, 0x10205, 0x19300, 0x0892C, 0x0FFFF, 0x0892C, 0x19300, 0x10205, 0x15CD2, 0x04F1C, 0x0F7F5, 0x0BA9E, 0x1D008, 0x111FA, 0x130E4, 0x01013, 0x0E056, 0x0E056, 0x01013, 
	0x130E4, 0x111FA, 0x1D008, 0x0BA9E, 0x0F7F5, 0x04F1C, 0x15CD2, 0x10205, 0x19300, 0x0892C, 0x0FFFF, 0x0892C, 0x19300, 0x10205, 0x15CD2, 0x04F1C, 0x0F7F5, 0x0BA9E, 0x1D008, 0x111FA, 0x130E4, 0x01013, 0x0E056, 0x0E056, 0x01013, 0x130E4, 0x111FA, 0x1D008, 0x0BA9E, 0x0F7F5, 0x04F1C, 0x15CD2, 
	0x10205, 0x19300, 0x0892C, 0x0FFFF, 0x0892C, 0x19300, 0x10205, 0x15CD2, 0x04F1C, 0x0F7F5, 0x0BA9E, 0x1D008, 0x111FA, 0x130E4, 0x01013, 0x0E056, 0x0E056, 0x01013, 0x130E4, 0x111FA, 0x1D008, 0x0BA9E, 0x0F7F5, 0x04F1C, 0x15CD2, 0x10205, 0x19300, 0x0892C, 0x0FFFF, 0x0892C, 0x19300, 0x10205, 
	0x15CD2, 0x04F1C, 0x0F7F5, 0x0BA9E, 0x1D008, 0x111FA, 0x130E4, 0x01013, 0x0E056, 0x0E056, 0x01013, 0x130E4, 0x111FA, 0x1D008, 0x0BA9E, 0x0F7F5, 0x04F1C, 0x15CD2, 0x10205, 0x19300, 0x0892C, 0x0FFFF, 0x0892C, 0x19300, 0x10205, 0x15CD2, 0x04F1C, 0x0F7F5, 0x0BA9E, 0x1D008, 0x111FA, 0x130E4, 
	0x01013, 0x0E056, 0x0E056, 0x01013, 0x130E4, 0x111FA, 0x1D008, 0x0BA9E, 0x0F7F5, 0x04F1C, 0x15CD2, 0x10205, 0x19300, 0x0892C, 0x0FFFF, 0x0892C, 0x19300, 0x10205, 0x15CD2, 0x04F1C, 0x0F7F5, 0x0BA9E, 0x1D008, 0x111FA, 0x130E4, 0x01013, 0x0E056, 0x0E056, 0x01013, 0x130E4, 0x111FA, 0x1D008, 
	0x0BA9E, 0x0F7F5, 0x04F1C, 0x15CD2, 0x10205, 0x19300, 0x0892C, 0x0FFFF, 0x0892C, 0x19300, 0x10205, 0x15CD2, 0x04F1C, 0x0F7F5, 0x0BA9E, 0x1D008, 0x111FA, 0x130E4, 0x01013, 0x0E056, 0x0E056, 0x01013, 0x130E4, 0x111FA, 0x1D008, 0x0BA9E, 0x0F7F5, 0x04F1C, 0x15CD2, 0x10205, 0x19300, 0x0892C, 
	0x0FFFF, 0x0892C, 0x19300, 0x10205, 0x15CD2, 0x04F1C, 0x0F7F5, 0x0BA9E, 0x1D008, 0x111FA, 0x130E4, 0x01013, 0x0E056, 0x0E056, 0x01013, 0x130E4, 0x111FA, 0x1D008, 0x0BA9E, 0x0F7F5, 0x04F1C, 0x15CD2, 0x10205, 0x19300, 0x0892C, 0x0FFFF, 0x0892C, 0x19300, 0x10205, 0x15CD2, 0x04F1C, 0x0F7F5, 
	0x0BA9E, 0x1D008, 0x111FA, 0x130E4, 0x01013, 0x0E056, 0x0E056, 0x01013, 0x130E4, 0x111FA, 0x1D008, 0x0BA9E, 0x0F7F5, 0x04F1C, 0x15CD2, 0x10205, 0x19300, 0x0892C, 0x0FFFF, 0x0892C, 0x19300, 0x10205, 0x15CD2, 0x04F1C, 0x0F7F5, 0x0BA9E, 0x1D008, 0x111FA, 0x130E4, 0x01013, 0x0E056, 0x0E056, 
	0x01013, 0x130E4, 0x111FA, 0x1D008, 0x0BA9E, 0x0F7F5, 0x04F1C, 0x15CD2, 0x10205, 0x19300, 0x0892C, 0x0FFFF, 0x0892C, 0x19300, 0x10205, 0x15CD2, 0x04F1C, 0x0F7F5, 0x0BA9E, 0x1D008, 0x111FA, 0x130E4, 0x01013, 0x0E056, 0x0E056, 0x01013, 0x130E4, 0x111FA, 0x1D008, 0x0BA9E, 0x0F7F5, 0x04F1C, 
	0x15CD2, 0x10205, 0x19300, 0x0892C, 0x0FFFF, 0x0892C, 0x19300, 0x10205, 0x15CD2, 0x04F1C, 0x0F7F5, 0x0BA9E, 0x1D008, 0x111FA, 0x130E4, 0x01013, 0x0E056, 0x0E056, 0x01013, 0x130E4, 0x111FA, 0x1D008, 0x0BA9E, 0x0F7F5, 0x04F1C, 0x15CD2, 0x10205, 0x19300, 0x0892C, 0x0FFFF, 0x0892C, 0x19300, 
	0x10205, 0x15CD2, 0x04F1C, 0x0F7F5, 0x0BA9E, 0x1D008, 0x111FA, 0x130E4, 0x01013, 0x0E056, 0x0E056, 0x01013, 0x130E4, 0x111FA, 0x1D008, 0x0BA9E, 0x0F7F5, 0x04F1C, 0x15CD2, 0x10205, 0x19300, 0x0892C, 0x0FFFF, 0x0892C, 0x19300, 0x10205, 0x15CD2, 0x04F1C, 0x0F7F5, 0x0BA9E, 0x1D008, 0x111FA, 
	0x130E4, 0x01013, 0x0E056, 0x0E056, 0x01013, 0x130E4, 0x111FA, 0x1D008, 0x0BA9E, 0x0F7F5, 0x04F1C, 0x15CD2, 0x10205, 0x19300, 0x0892C, 0x0FFFF, 0x0892C, 0x19300, 0x10205, 0x15CD2, 0x04F1C, 0x0F7F5, 0x0BA9E, 0x1D008, 0x111FA, 0x130E4, 0x01013, 0x0E056, 0x0E056, 0x01013, 0x130E4, 0x111FA, 
	0x1D008, 0x0BA9E, 0x0F7F5, 0x04F1C, 0x15CD2, 0x10205, 0x19300, 0x0892C, 0x0FFFF, 0x0892C, 0x19300, 0x10205, 0x15CD2, 0x04F1C, 0x0F7F5, 0x0BA9E, 0x1D008, 0x111FA, 0x130E4, 0x01013, 0x0E056, 0x0E056, 0x01013, 0x130E4, 0x111FA, 0x1D008, 0x0BA9E, 0x0F7F5, 0x04F1C, 0x15CD2, 0x10205, 0x19300, 
	0x0892C, 0x0FFFF, 0x0892C, 0x19300, 0x10205, 0x15CD2, 0x04F1C, 0x0F7F5, 0x0BA9E, 0x1D008, 0x111FA, 0x130E4, 0x01013, 0x0E056, 0x0E056, 0x01013, 0x130E4, 0x111FA, 0x1D008, 0x0BA9E, 0x0F7F5, 0x04F1C, 0x15CD2, 0x10205, 0x19300, 0x0892C, 0x0FFFF, 0x0892C, 0x19300, 0x10205, 0x15CD2, 0x04F1C, 
	0x0F7F5, 0x0BA9E, 0x1D008, 0x111FA, 0x130E4, 0x01013, 0x0E056, 0x0E056, 0x01013, 0x130E4, 0x111FA, 0x1D008, 0x0BA9E, 0x0F7F5, 0x04F1C, 0x15CD2, 0x10205, 0x19300, 0x0892C, 0x0FFFF, 0x0892C, 0x19300, 0x10205, 0x15CD2, 0x04F1C, 0x0F7F5, 0x0BA9E, 0x1D008, 0x111FA, 0x130E4, 0x01013, 0x0E056, 
	0x0E056, 0x01013, 0x130E4, 0x111FA, 0x1D008, 0x0BA9E, 0x0F7F5, 0x04F1C, 0x15CD2, 0x10205, 0x19300, 0x0892C, 0x0FFFF, 0x0892C, 0x19300, 0x10205, 0x15CD2, 0x04F1C, 0x0F7F5, 0x0BA9E, 0x1D008, 0x111FA, 0x130E4, 0x01013, 0x0E056, 0x0E056, 0x01013, 0x130E4, 0x111FA, 0x1D008, 0x0BA9E, 0x0F7F5, 
	0x04F1C, 0x15CD2, 0x10205, 0x19300, 0x0892C, 0x0FFFF, 0x0892C, 0x19300, 0x10205, 0x15CD2, 0x04F1C, 0x0F7F5, 0x0BA9E, 0x1D008, 0x111FA, 0x130E4, 0x01013, 0x0E056, 0x0E056, 0x01013, 0x130E4, 0x111FA, 0x1D008, 0x0BA9E, 0x0F7F5, 0x04F1C, 0x15CD2, 0x10205, 0x19300, 0x0892C, 0x0FFFF, 0x0892C, 
	0x19300, 0x10205, 0x15CD2, 0x04F1C, 0x0F7F5, 0x0BA9E, 0x1D008, 0x111FA, 0x130E4, 0x01013, 0x0E056, 0x0E056, 0x01013, 0x130E4, 0x111FA, 0x1D008, 0x0BA9E, 0x0F7F5, 0x04F1C, 0x15CD2, 0x10205, 0x19300, 0x0892C, 0x0FFFF, 0x0892C, 0x19300, 0x10205, 0x15CD2, 0x04F1C, 0x0F7F5, 0x0BA9E, 0x1D008, 
	0x111FA, 0x130E4, 0x01013, 0x0E056, 0x0E056, 0x01013, 0x130E4, 0x111FA, 0x1D008, 0x0BA9E, 0x0F7F5, 0x04F1C, 0x15CD2, 0x10205, 0x19300, 0x0892C, 0x0FFFF, 0x0892C, 0x19300, 0x10205, 0x15CD2, 0x04F1C, 0x0F7F5, 0x0BA9E, 0x1D008, 0x111FA, 0x130E4, 0x01013, 0x0E056, 0x0E056, 0x01013, 0x130E4, 
	0x111FA, 0x1D008, 0x0BA9E, 0x0F7F5, 0x04F1C, 0x15CD2, 0x10205, 0x19300, 0x0892C, 0x0FFFF, 0x0892C, 0x19300, 0x10205, 0x15CD2, 0x04F1C, 0x0F7F5, 0x0BA9E, 0x1D008, 0x111FA, 0x130E4, 0x01013, 0x0E056, 0x0E056, 0x01013, 0x130E4, 0x111FA, 0x1D008, 0x0BA9E, 0x0F7F5, 0x04F1C, 0x15CD2, 0x10205, 
	0x19300, 0x0892C, 0x0FFFF, 0x0892C, 0x19300, 0x10205, 0x15CD2, 0x04F1C, 0x0F7F5, 0x0BA9E, 0x1D008, 0x111FA, 0x130E4, 0x01013, 0x0E056, 0x0E056, 0x01013, 0x130E4, 0x111FA, 0x1D008, 0x0BA9E, 0x0F7F5, 0x04F1C, 0x15CD2, 0x10205, 0x19300, 0x0892C, 0x0FFFF, 0x0892C, 0x19300, 0x10205, 0x15CD2, 
	0x04F1C, 0x0F7F5, 0x0BA9E, 0x1D008, 0x111FA, 0x130E4, 0x01013, 0x0E056, 0x0E056, 0x01013, 0x130E4, 0x111FA, 0x1D008, 0x0BA9E, 0x0F7F5, 0x04F1C, 0x15CD2, 0x10205, 0x19300, 0x0892C, 0x0FFFF, 0x0892C, 0x19300, 0x10205, 0x15CD2, 0x04F1C, 0x0F7F5, 0x0BA9E, 0x1D008, 0x111FA, 0x130E4, 0x01013, 
	0x0E056, 0x0E056, 0x01013, 0x130E4, 0x111FA, 0x1D008, 0x0BA9E, 0x0F7F5, 0x04F1C, 0x15CD2, 0x10205, 0x19300, 0x0892C, 0x0FFFF, 0x0892C, 0x19300, 0x10205, 0x15CD2, 0x04F1C, 0x0F7F5, 0x0BA9E, 0x1D008, 0x111FA, 0x130E4, 0x01013, 0x0E056, 0x0E056, 0x01013, 0x130E4, 0x111FA, 0x1D008, 0x0BA9E, 
	0x0F7F5, 0x04F1C, 0x15CD2, 0x10205, 0x19300, 0x0892C, 0x0FFFF, 0x0892C, 0x19300, 0x10205, 0x15CD2, 0x04F1C, 0x0F7F5, 0x0BA9E, 0x1D008, 0x111FA, 0x130E4, 0x01013, 0x0E056, 0x0E056, 0x01013, 0x130E4, 0x111FA, 0x1D008, 0x0BA9E, 0x0F7F5, 0x04F1C, 0x15CD2, 0x10205, 0x19300, 0x0892C, 0x0FFFF, 
	0x0892C, 0x19300, 0x10205, 0x15CD2, 0x04F1C, 0x0F7F5, 0x0BA9E, 0x1D008, 0x111FA, 0x130E4, 0x01013, 0x0E056, 0x0E056, 0x01013, 0x130E4, 0x111FA, 0x1D008, 0x0BA9E, 0x0F7F5, 0x04F1C, 0x15CD2, 0x10205, 0x19300, 0x0892C, 0x0FFFF, 0x0892C, 0x19300, 0x10205, 0x15CD2, 0x04F1C, 0x0F7F5, 0x0BA9E, 
	0x1D008, 0x111FA, 0x130E4, 0x01013, 0x0E056, 0x0E056, 0x01013, 0x130E4, 0x111FA, 0x1D008, 0x0BA9E, 0x0F7F5, 0x04F1C, 0x15CD2, 0x10205, 0x19300, 0x0892C, 0x0FFFF, 0x0892C, 0x19300, 0x10205, 0x15CD2, 0x04F1C, 0x0F7F5, 0x0BA9E, 0x1D008, 0x111FA, 0x130E4, 0x01013, 0x0E056, 0x0E056, 0x01013, 
	0x130E4, 0x111FA, 0x1D008, 0x0BA9E, 0x0F7F5, 0x04F1C, 0x15CD2, 0x10205, 0x19300, 0x0892C, 0x0FFFF, 0x0892C, 0x19300, 0x10205, 0x15CD2, 0x04F1C, 0x0F7F5, 0x0BA9E, 0x1D008, 0x111FA, 0x130E4, 0x01013, 0x0E056, 0x0E056, 0x01013, 0x130E4, 0x111FA, 0x1D008, 0x0BA9E, 0x0F7F5, 0x04F1C, 0x15CD2, 
	0x10205, 0x19300, 0x0892C, 0x0FFFF, 0x0892C, 0x19300, 0x10205, 0x15CD2, 0x04F1C, 0x0F7F5, 0x0BA9E, 0x1D008, 0x111FA, 0x130E4, 0x01013, 0x0E056, 0x0E056, 0x01013, 0x130E4, 0x111FA, 0x1D008, 0x0BA9E, 0x0F7F5, 0x04F1C, 0x15CD2, 0x10205, 0x19300, 0x0892C, 0x0FFFF, 0x0892C, 0x19300, 0x10205, 
	0x15CD2, 0x04F1C, 0x0F7F5, 0x0BA9E, 0x1D008, 0x111FA, 0x130E4, 0x01013, 0x0E056, 0x0E056, 0x01013, 0x130E4, 0x111FA, 0x1D008, 0x0BA9E, 0x0F7F5, 0x04F1C, 0x15CD2, 0x10205, 0x19300, 0x0892C, 0x0FFFF, 0x0892C, 0x19300, 0x10205, 0x15CD2, 0x04F1C, 0x0F7F5, 0x0BA9E, 0x1D008, 0x111FA, 0x130E4, 
	0x01013, 0x0E056, 0x0E056, 0x01013, 0x130E4, 0x111FA, 0x1D008, 0x0BA9E, 0x0F7F5, 0x04F1C, 0x15CD2, 0x10205, 0x19300, 0x0892C, 0x0FFFF, 0x0892C, 0x19300, 0x10205, 0x15CD2, 0x04F1C, 0x0F7F5, 0x0BA9E, 0x1D008, 0x111FA, 0x130E4, 0x01013, 0x0E056, 0x0E056, 0x01013, 0x130E4, 0x111FA, 0x1D008, 
	0x0BA9E, 0x0F7F5, 0x04F1C, 0x15CD2, 0x10205, 0x19300, 0x0892C, 0x0FFFF, 0x0892C, 0x19300, 0x10205, 0x15CD2, 0x04F1C, 0x0F7F5, 0x0BA9E, 0x1D008, 0x111FA, 0x130E4, 0x01013, 0x0E056, 0x0E056, 0x01013, 0x130E4, 0x111FA, 0x1D008, 0x0BA9E, 0x0F7F5, 0x04F1C, 0x15CD2, 0x10205, 0x19300, 0x0892C, 
	0x0FFFF, 0x0892C, 0x19300, 0x10205, 0x15CD2, 0x04F1C, 0x0F7F5, 0x0BA9E, 0x1D008, 0x111FA, 0x130E4, 0x01013, 0x0E056, 0x0E056, 0x01013, 0x130E4, 0x111FA, 0x1D008, 0x0BA9E, 0x0F7F5, 0x04F1C, 0x15CD2, 0x10205, 0x19300, 0x0892C, 0x0FFFF, 0x0892C, 0x19300, 0x10205, 0x15CD2, 0x04F1C, 0x0F7F5, 
	0x0BA9E, 0x1D008, 0x111FA, 0x130E4, 0x01013, 0x0E056, 0x0E056, 0x01013, 0x130E4, 0x111FA, 0x1D008, 0x0BA9E, 0x0F7F5, 0x04F1C, 0x15CD2, 0x10205, 0x19300, 0x0892C, 0x0FFFF, 0x0892C, 0x19300, 0x10205, 0x15CD2, 0x04F1C, 0x0F7F5, 0x0BA9E, 0x1D008, 0x111FA, 0x130E4, 0x01013, 0x0E056, 0x0E056, 
	0x01013, 0x130E4, 0x111FA, 0x1D008, 0x0BA9E, 0x0F7F5, 0x04F1C, 0x15CD2, 0x10205, 0x19300, 0x0892C, 0x0FFFF, 0x0892C, 0x19300, 0x10205, 0x15CD2, 0x04F1C, 0x0F7F5, 0x0BA9E, 0x1D008, 0x111FA, 0x130E4, 0x01013, 0x0E056, 0x0E056, 0x01013, 0x130E4, 0x111FA, 0x1D008, 0x0BA9E, 0x0F7F5, 0x04F1C, 
	0x15CD2, 0x10205, 0x19300, 0x0892C, 0x0FFFF, 0x0892C, 0x19300, 0x10205, 0x15CD2, 0x04F1C, 0x0F7F5, 0x0BA9E, 0x1D008, 0x111FA, 0x130E4, 0x01013, 0x0E056, 0x0E056, 0x01013, 0x130E4, 0x111FA, 0x1D008, 0x0BA9E, 0x0F7F5, 0x04F1C, 0x15CD2, 0x10205, 0x19300, 0x0892C, 0x0FFFF, 0x0892C, 0x19300, 
	0x10205, 0x15CD2, 0x04F1C, 0x0F7F5, 0x0BA9E, 0x1D008, 0x111FA, 0x130E4, 0x01013, 0x0E056, 0x0E056, 0x01013, 0x130E4, 0x111FA, 0x1D008, 0x0BA9E, 0x0F7F5, 0x04F1C, 0x15CD2, 0x10205, 0x19300, 0x0892C, 0x0FFFF, 0x0892C, 0x19300, 0x10205, 0x15CD2, 0x04F1C, 0x0F7F5, 0x0BA9E, 0x1D008, 0x111FA, 
	0x130E4, 0x01013, 0x0E056, 0x0E056, 0x01013, 0x130E4, 0x111FA, 0x1D008, 0x0BA9E, 0x0F7F5, 0x04F1C, 0x15CD2, 0x10205, 0x19300, 0x0892C, 0x0FFFF, 0x0892C, 0x19300, 0x10205, 0x15CD2, 0x04F1C, 0x0F7F5, 0x0BA9E, 0x1D008, 0x111FA, 0x130E4, 0x01013, 0x0E056, 0x0E056, 0x01013, 0x130E4, 0x111FA, 
	0x1D008, 0x0BA9E, 0x0F7F5, 0x04F1C, 0x15CD2, 0x10205, 0x19300, 0x0892C, 0x0FFFF, 0x0892C, 0x19300, 0x10205, 0x15CD2, 0x04F1C, 0x0F7F5, 0x0BA9E, 0x1D008, 0x111FA, 0x130E4, 0x01013, 0x0E056, 0x0E056, 0x01013, 0x130E4, 0x111FA, 0x1D008, 0x0BA9E, 0x0F7F5, 0x04F1C, 0x15CD2, 0x10205, 0x19300, 
	0x0892C, 0x0FFFF, 0x0892C, 0x19300, 0x10205, 0x15CD2, 0x04F1C, 0x0F7F5, 0x0BA9E, 0x1D008, 0x111FA, 0x130E4, 0x01013, 0x0E056, 0x0E056, 0x01013, 0x130E4, 0x111FA, 0x1D008, 0x0BA9E, 0x0F7F5, 0x04F1C, 0x15CD2, 0x10205, 0x19300, 0x0892C, 0x0FFFF, 0x0892C, 0x19300, 0x10205, 0x15CD2, 0x04F1C, 
	0x0F7F5, 0x0BA9E, 0x1D008, 0x111FA, 0x130E4, 0x01013, 0x0E056, 0x0E056, 0x01013, 0x130E4, 0x111FA, 0x1D008, 0x0BA9E, 0x0F7F5, 0x04F1C, 0x15CD2, 0x10205, 0x19300, 0x0892C, 0x0FFFF, 0x0892C, 0x19300, 0x10205, 0x15CD2, 0x04F1C, 0x0F7F5, 0x0BA9E, 0x1D008, 0x111FA, 0x130E4, 0x01013, 0x0E056, 
	0x0E056, 0x01013, 0x130E4, 0x111FA, 0x1D008, 0x0BA9E, 0x0F7F5, 0x04F1C, 0x15CD2, 0x10205, 0x19300, 0x0892C, 0x0FFFF, 0x0892C, 0x19300, 0x10205, 0x15CD2, 0x04F1C, 0x0F7F5, 0x0BA9E, 0x1D008, 0x111FA, 0x130E4, 0x01013, 0x0E056, 0x0E056, 0x01013, 0x130E4, 0x111FA, 0x1D008, 0x0BA9E, 0x0F7F5, 
	0x04F1C, 0x15CD2, 0x10205, 0x19300, 0x0892C, 0x0FFFF, 0x0892C, 0x19300, 0x10205, 0x15CD2, 0x04F1C, 0x0F7F5, 0x0BA9E, 0x1D008, 0x111FA, 0x130E4, 0x01013, 0x0E056, 0x0E056, 0x01013, 0x130E4, 0x111FA, 0x1D008, 0x0BA9E, 0x0F7F5, 0x04F1C, 0x15CD2, 0x10205, 0x19300, 0x0892C, 0x0FFFF, 0x0892C, 
	0x19300, 0x10205, 0x15CD2, 0x04F1C, 0x0F7F5, 0x0BA9E, 0x1D008, 0x111FA, 0x130E4, 0x01013, 0x0E056, 0x0E056, 0x01013, 0x130E4, 0x111FA, 0x1D008, 0x0BA9E, 0x0F7F5, 0x04F1C, 0x15CD2, 0x10205, 0x19300, 0x0892C, 0x0FFFF, 0x0892C, 0x19300, 0x10205, 0x15CD2, 0x04F1C, 0x0F7F5, 0x0BA9E, 0x1D008, 
	0x111FA, 0x130E4, 0x01013, 0x0E056, 0x0E056, 0x01013, 0x130E4, 0x111FA, 0x1D008, 0x0BA9E, 0x0F7F5, 0x04F1C, 0x15CD2, 0x10205, 0x19300, 0x0892C, 0x0FFFF, 0x0892C, 0x19300, 0x10205, 0x15CD2, 0x04F1C, 0x0F7F5, 0x0BA9E, 0x1D008, 0x111FA, 0x130E4, 0x01013, 0x0E056, 0x0E056, 0x01013, 0x130E4, 
	0x111FA, 0x1D008, 0x0BA9E, 0x0F7F5, 0x04F1C, 0x15CD2, 0x10205, 0x19300, 0x0892C, 0x0FFFF, 0x0892C, 0x19300, 0x10205, 0x15CD2, 0x04F1C, 0x0F7F5, 0x0BA9E, 0x1D008, 0x111FA, 0x130E4, 0x01013, 0x0E056, 0x0E056, 0x01013, 0x130E4, 0x111FA, 0x1D008, 0x0BA9E, 0x0F7F5, 0x04F1C, 0x15CD2, 0x10205, 
	0x19300, 0x0892C, 0x0FFFF, 0x0892C, 0x19300, 0x10205, 0x15CD2, 0x04F1C, 0x0F7F5, 0x0BA9E, 0x1D008, 0x111FA, 0x130E4, 0x01013, 0x0E056, 0x0E056, 0x01013, 0x130E4, 0x111FA, 0x1D008, 0x0BA9E, 0x0F7F5, 0x04F1C, 0x15CD2, 0x10205, 0x19300, 0x0892C, 0x0FFFF, 0x0892C, 0x19300, 0x10205, 0x15CD2, 
	0x04F1C, 0x0F7F5, 0x0BA9E, 0x1D008, 0x111FA, 0x130E4, 0x01013, 0x0E056, 0x0E056, 0x01013, 0x130E4, 0x111FA, 0x1D008, 0x0BA9E, 0x0F7F5, 0x04F1C, 0x15CD2, 0x10205, 0x19300, 0x0892C, 0x0FFFF, 0x0892C, 0x19300, 0x10205, 0x15CD2, 0x04F1C, 0x0F7F5, 0x0BA9E, 0x1D008, 0x111FA, 0x130E4, 0x01013, 
	0x0E056, 0x0E056, 0x01013, 0x130E4, 0x111FA, 0x1D008, 0x0BA9E, 0x0F7F5, 0x04F1C, 0x15CD2, 0x10205, 0x19300, 0x0892C, 0x0FFFF, 0x0892C, 0x19300, 0x10205, 0x15CD2, 0x04F1C, 0x0F7F5, 0x0BA9E, 0x1D008, 0x111FA, 0x130E4, 0x01013, 0x0E056, 0x0E056, 0x01013, 0x130E4, 0x111FA, 0x1D008, 0x0BA9E, 
	0x0F7F5, 0x04F1C, 0x15CD2, 0x10205, 0x19300, 0x0892C, 0x0FFFF, 0x0892C, 0x19300, 0x10205, 0x15CD2, 0x04F1C, 0x0F7F5, 0x0BA9E, 0x1D008, 0x111FA, 0x130E4, 0x01013, 0x0E056, 0x0E056, 0x01013, 0x130E4, 0x111FA, 0x1D008, 0x0BA9E, 0x0F7F5, 0x04F1C, 0x15CD2, 0x10205, 0x19300, 0x0892C, 0x0FFFF, 
	0x0892C, 0x19300, 0x10205, 0x15CD2, 0x04F1C, 0x0F7F5, 0x0BA9E, 0x1D008, 0x111FA, 0x130E4, 0x01013, 0x0E056, 0x0E056, 0x01013, 0x130E4, 0x111FA, 0x1D008, 0x0BA9E, 0x0F7F5, 0x04F1C, 0x15CD2, 0x10205, 0x19300, 0x0892C, 0x0FFFF, 0x0892C, 0x19300, 0x10205, 0x15CD2, 0x04F1C, 0x0F7F5, 0x0BA9E, 
	0x1D008, 0x111FA, 0x130E4, 0x01013, 0x0E056, 0x0E056, 0x01013, 0x130E4, 0x111FA, 0x1D008, 0x0BA9E, 0x0F7F5, 0x04F1C, 0x15CD2, 0x10205, 0x19300, 0x0892C, 0x0FFFF, 0x0892C, 0x19300, 0x10205, 0x15CD2, 0x04F1C, 0x0F7F5, 0x0BA9E, 0x1D008, 0x111FA, 0x130E4, 0x01013, 0x0E056, 0x0E056, 0x01013, 
	0x130E4, 0x111FA, 0x1D008, 0x0BA9E, 0x0F7F5, 0x04F1C, 0x15CD2, 0x10205, 0x19300, 0x0892C, 0x0FFFF, 0x0892C, 0x19300, 0x10205, 0x15CD2, 0x04F1C, 0x0F7F5, 0x0BA9E, 0x1D008, 0x111FA, 0x130E4, 0x01013, 0x0E056, 0x0E056, 0x01013, 0x130E4, 0x111FA, 0x1D008, 0x0BA9E, 0x0F7F5, 0x04F1C, 0x15CD2, 
	0x10205, 0x19300, 0x0892C, 0x0FFFF, 0x0892C, 0x19300, 0x10205, 0x15CD2, 0x04F1C, 0x0F7F5, 0x0BA9E, 0x1D008, 0x111FA, 0x130E4, 0x01013, 0x0E056, 0x0E056, 0x01013, 0x130E4, 0x111FA, 0x1D008, 0x0BA9E, 0x0F7F5, 0x04F1C, 0x15CD2, 0x10205, 0x19300, 0x0892C, 0x0FFFF, 0x0892C, 0x19300, 0x10205, 
	0x15CD2, 0x04F1C, 0x0F7F5, 0x0BA9E, 0x1D008, 0x111FA, 0x130E4, 0x01013, 0x0E056, 0x0E056, 0x01013, 0x130E4, 0x111FA, 0x1D008, 0x0BA9E, 0x0F7F5, 0x04F1C, 0x15CD2, 0x10205, 0x19300, 0x0892C, 0x0FFFF, 0x0892C, 0x19300, 0x10205, 0x15CD2, 0x04F1C, 0x0F7F5, 0x0BA9E, 0x1D008, 0x111FA, 0x130E4, 
	0x01013, 0x0E056, 0x0E056, 0x01013, 0x130E4, 0x111FA, 0x1D008, 0x0BA9E, 0x0F7F5, 0x04F1C, 0x15CD2, 0x10205, 0x19300, 0x0892C, 0x0FFFF, 0x0892C, 0x19300, 0x10205, 0x15CD2, 0x04F1C, 0x0F7F5, 0x0BA9E, 0x1D008, 0x111FA, 0x130E4, 0x01013, 0x0E056, 0x0E056, 0x01013, 0x130E4, 0x111FA, 0x1D008, 
	0x0BA9E, 0x0F7F5, 0x04F1C, 0x15CD2, 0x10205, 0x19300, 0x0892C, 0x0FFFF, 0x0892C, 0x19300, 0x10205, 0x15CD2, 0x04F1C, 0x0F7F5, 0x0BA9E, 0x1D008, 0x111FA, 0x130E4, 0x01013, 0x0E056, 0x0E056, 0x01013, 0x130E4, 0x111FA, 0x1D008, 0x0BA9E, 0x0F7F5, 0x04F1C, 0x15CD2, 0x10205, 0x19300, 0x0892C, 
	0x0FFFF, 0x0892C, 0x19300, 0x10205, 0x15CD2, 0x04F1C, 0x0F7F5, 0x0BA9E, 0x1D008, 0x111FA, 0x130E4, 0x01013, 0x0E056, 0x0E056, 0x01013, 0x130E4, 0x111FA, 0x1D008, 0x0BA9E, 0x0F7F5, 0x04F1C, 0x15CD2, 0x10205, 0x19300, 0x0892C, 0x0FFFF, 0x0892C, 0x19300, 0x10205, 0x15CD2, 0x04F1C, 0x0F7F5, 
	0x0BA9E, 0x1D008, 0x111FA, 0x130E4, 0x01013, 0x0E056, 0x0E056, 0x01013, 0x130E4, 0x111FA, 0x1D008, 0x0BA9E, 0x0F7F5, 0x04F1C, 0x15CD2, 0x10205, 0x19300, 0x0892C, 0x0FFFF, 0x0892C, 0x19300, 0x10205, 0x15CD2, 0x04F1C, 0x0F7F5, 0x0BA9E, 0x1D008, 0x111FA, 0x130E4, 0x01013, 0x0E056, 0x0E056, 
	0x01013, 0x130E4, 0x111FA, 0x1D008, 0x0BA9E, 0x0F7F5, 0x04F1C, 0x15CD2, 0x10205, 0x19300, 0x0892C, 0x0FFFF, 0x0892C, 0x19300, 0x10205, 0x15CD2, 0x04F1C, 0x0F7F5, 0x0BA9E, 0x1D008, 0x111FA, 0x130E4, 0x01013, 0x0E056, 0x0E056, 0x01013, 0x130E4, 0x111FA, 0x1D008, 0x0BA9E, 0x0F7F5, 0x04F1C, 
	0x15CD2, 0x10205, 0x19300, 0x0892C, 0x0FFFF, 0x0892C, 0x19300, 0x10205, 0x15CD2, 0x04F1C, 0x0F7F5, 0x0BA9E, 0x1D008, 0x111FA, 0x130E4, 0x01013, 0x0E056, 0x0E056, 0x01013, 0x130E4, 0x111FA, 0x1D008, 0x0BA9E, 0x0F7F5, 0x04F1C, 0x15CD2, 0x10205, 0x19300, 0x0892C, 0x0FFFF, 0x0892C, 0x19300, 
	0x10205, 0x15CD2, 0x04F1C, 0x0F7F5, 0x0BA9E, 0x1D008, 0x111FA, 0x130E4, 0x01013, 0x0E056, 0x0E056, 0x01013, 0x130E4, 0x111FA, 0x1D008, 0x0BA9E, 0x0F7F5, 0x04F1C, 0x15CD2, 0x10205, 0x19300, 0x0892C, 0x0FFFF, 0x0892C, 0x19300, 0x10205, 0x15CD2, 0x04F1C, 0x0F7F5, 0x0BA9E, 0x1D008, 0x111FA, 
	0x130E4, 0x01013, 0x0E056, 0x0E056, 0x01013, 0x130E4, 0x111FA, 0x1D008, 0x0BA9E, 0x0F7F5, 0x04F1C, 0x15CD2, 0x10205, 0x19300, 0x0892C, 0x0FFFF, 0x0892C, 0x19300, 0x10205, 0x15CD2, 0x04F1C, 0x0F7F5, 0x0BA9E, 0x1D008, 0x111FA, 0x130E4, 0x01013, 0x0E056, 0x0E056, 0x01013, 0x130E4, 0x111FA, 
	0x1D008, 0x0BA9E, 0x0F7F5, 0x04F1C, 0x15CD2, 0x10205, 0x19300, 0x0892C, 0x0FFFF, 0x0892C, 0x19300, 0x10205, 0x15CD2, 0x04F1C, 0x0F7F5, 0x0BA9E, 0x1D008, 0x111FA, 0x130E4, 0x01013, 0x0E056, 0x0E056, 0x01013, 0x130E4, 0x111FA, 0x1D008, 0x0BA9E, 0x0F7F5, 0x04F1C, 0x15CD2, 0x10205, 0x19300, 
	0x0892C, 0x0FFFF, 0x0892C, 0x19300, 0x10205, 0x15CD2, 0x04F1C, 0x0F7F5, 0x0BA9E, 0x1D008, 0x111FA, 0x130E4, 0x01013, 0x0E056, 0x0E056, 0x01013, 0x130E4, 0x111FA, 0x1D008, 0x0BA9E, 0x0F7F5, 0x04F1C, 0x15CD2, 0x10205, 0x19300, 0x0892C, 0x0FFFF, 0x0892C, 0x19300, 0x10205, 0x15CD2, 0x04F1C, 
	0x0F7F5, 0x0BA9E, 0x1D008, 0x111FA, 0x130E4, 0x01013, 0x0E056, 0x0E056, 0x01013, 0x130E4, 0x111FA, 0x1D008, 0x0BA9E, 0x0F7F5, 0x04F1C, 0x15CD2, 0x10205, 0x19300, 0x0892C, 0x0FFFF, 0x0892C, 0x19300, 0x10205, 0x15CD2, 0x04F1C, 0x0F7F5, 0x0BA9E, 0x1D008, 0x111FA, 0x130E4, 0x01013, 0x0E056, 
	0x0E056, 0x01013, 0x130E4, 0x111FA, 0x1D008, 0x0BA9E, 0x0F7F5, 0x04F1C, 0x15CD2, 0x10205, 0x19300, 0x0892C, 0x0FFFF, 0x0892C, 0x19300, 0x10205, 0x15CD2, 0x04F1C, 0x0F7F5, 0x0BA9E, 0x1D008, 0x111FA, 0x130E4, 0x01013, 0x0E056, 0x0E056, 0x01013, 0x130E4, 0x111FA, 0x1D008, 0x0BA9E, 0x0F7F5, 
	0x04F1C, 0x15CD2, 0x10205, 0x19300, 0x0892C, 0x0FFFF, 0x0892C, 0x19300, 0x10205, 0x15CD2, 0x04F1C, 0x0F7F5, 0x0BA9E, 0x1D008, 0x111FA, 0x130E4, 0x01013, 0x0E056, 0x0E056, 0x01013, 0x130E4, 0x111FA, 0x1D008, 0x0BA9E, 0x0F7F5, 0x04F1C, 0x15CD2, 0x10205, 0x19300, 0x0892C, 0x0FFFF, 0x0892C, 
	0x19300, 0x10205, 0x15CD2, 0x04F1C, 0x0F7F5, 0x0BA9E, 0x1D008, 0x111FA, 0x130E4, 0x01013, 0x0E056, 0x0E056, 0x01013, 0x130E4, 0x111FA, 0x1D008, 0x0BA9E, 0x0F7F5, 0x04F1C, 0x15CD2, 0x10205, 0x19300, 0x0892C, 0x0FFFF, 0x0892C, 0x19300, 0x10205, 0x15CD2, 0x04F1C, 0x0F7F5, 0x0BA9E, 0x1D008, 
	0x111FA, 0x130E4, 0x01013, 0x0E056, 0x0E056, 0x01013, 0x130E4, 0x111FA, 0x1D008, 0x0BA9E, 0x0F7F5, 0x04F1C, 0x15CD2, 0x10205, 0x19300, 0x0892C, 0x0FFFF, 0x0892C, 0x19300, 0x10205, 0x15CD2, 0x04F1C, 0x0F7F5, 0x0BA9E, 0x1D008, 0x111FA, 0x130E4, 0x01013, 0x0E056, 0x0E056, 0x01013, 0x130E4, 
	0x111FA, 0x1D008, 0x0BA9E, 0x0F7F5, 0x04F1C, 0x15CD2, 0x10205, 0x19300, 0x0892C, 0x0FFFF, 0x0892C, 0x19300, 0x10205, 0x15CD2, 0x04F1C, 0x0F7F5, 0x0BA9E, 0x1D008, 0x111FA, 0x130E4, 0x01013, 0x0E056, 0x0E056, 0x01013, 0x130E4, 0x111FA, 0x1D008, 0x0BA9E, 0x0F7F5, 0x04F1C, 0x15CD2, 0x10205, 
	0x19300, 0x0892C, 0x0FFFF, 0x0892C, 0x19300, 0x10205, 0x15CD2, 0x04F1C, 0x0F7F5, 0x0BA9E, 0x1D008, 0x111FA, 0x130E4, 0x01013, 0x0E056, 0x0E056, 0x01013, 0x130E4, 0x111FA, 0x1D008, 0x0BA9E, 0x0F7F5, 0x04F1C, 0x15CD2, 0x10205, 0x19300, 0x0892C, 0x0FFFF, 0x0892C, 0x19300, 0x10205, 0x15CD2, 
	0x04F1C, 0x0F7F5, 0x0BA9E, 0x1D008, 0x111FA, 0x130E4, 0x01013, 0x0E056, 0x0E056, 0x01013, 0x130E4, 0x111FA, 0x1D008, 0x0BA9E, 0x0F7F5, 0x04F1C, 0x15CD2, 0x10205, 0x19300, 0x0892C, 0x0FFFF, 0x0892C, 0x19300, 0x10205, 0x15CD2, 0x04F1C, 0x0F7F5, 0x0BA9E, 0x1D008, 0x111FA, 0x130E4, 0x01013, 
	0x0E056, 0x0E056, 0x01013, 0x130E4, 0x111FA, 0x1D008, 0x0BA9E, 0x0F7F5, 0x04F1C, 0x15CD2, 0x10205, 0x19300, 0x0892C, 0x0FFFF, 0x0892C, 0x19300, 0x10205, 0x15CD2, 0x04F1C, 0x0F7F5, 0x0BA9E, 0x1D008, 0x111FA, 0x130E4, 0x01013, 0x0E056, 0x0E056, 0x01013, 0x130E4, 0x111FA, 0x1D008, 0x0BA9E, 
	0x0F7F5, 0x04F1C, 0x15CD2, 0x10205, 0x19300, 0x0892C, 0x0FFFF, 0x0892C, 0x19300, 0x10205, 0x15CD2, 0x04F1C, 0x0F7F5, 0x0BA9E, 0x1D008, 0x111FA, 0x130E4, 0x01013, 0x0E056, 0x0E056, 0x01013, 0x130E4, 0x111FA, 0x1D008, 0x0BA9E, 0x0F7F5, 0x04F1C, 0x15CD2, 0x10205, 0x19300, 0x0892C, 0x0FFFF, 
	0x0892C, 0x19300, 0x10205, 0x15CD2, 0x04F1C, 0x0F7F5, 0x0BA9E, 0x1D008, 0x111FA, 0x130E4, 0x01013, 0x0E056, 0x0E056, 0x01013, 0x130E4, 0x111FA, 0x1D008, 0x0BA9E, 0x0F7F5, 0x04F1C, 0x15CD2, 0x10205, 0x19300, 0x0892C, 0x0FFFF, 0x0892C, 0x19300, 0x10205, 0x15CD2, 0x04F1C, 0x0F7F5, 0x0BA9E, 
	0x1D008, 0x111FA, 0x130E4, 0x01013, 0x0E056, 0x0E056, 0x01013, 0x130E4, 0x111FA, 0x1D008, 0x0BA9E, 0x0F7F5, 0x04F1C, 0x15CD2, 0x10205, 0x19300, 0x0892C, 0x0FFFF, 0x0892C, 0x19300, 0x10205, 0x15CD2, 0x04F1C, 0x0F7F5, 0x0BA9E, 0x1D008, 0x111FA, 0x130E4, 0x01013, 0x0E056, 0x0E056, 0x01013, 
	0x130E4, 0x111FA, 0x1D008, 0x0BA9E, 0x0F7F5, 0x04F1C, 0x15CD2, 0x10205, 0x19300, 0x0892C, 0x0FFFF, 0x0892C, 0x19300, 0x10205, 0x15CD2, 0x04F1C, 0x0F7F5, 0x0BA9E, 0x1D008, 0x111FA, 0x130E4, 0x01013, 0x0E056, 0x0E056, 0x01013, 0x130E4, 0x111FA, 0x1D008, 0x0BA9E, 0x0F7F5, 0x04F1C, 0x15CD2, 
	0x10205, 0x19300, 0x0892C, 0x0FFFF, 0x0892C, 0x19300, 0x10205, 0x15CD2, 0x04F1C, 0x0F7F5, 0x0BA9E, 0x1D008, 0x111FA, 0x130E4, 0x01013, 0x0E056, 0x0E056, 0x01013, 0x130E4, 0x111FA, 0x1D008, 0x0BA9E, 0x0F7F5, 0x04F1C, 0x15CD2, 0x10205, 0x19300, 0x0892C, 0x0FFFF, 0x0892C, 0x19300, 0x10205, 
	0x15CD2, 0x04F1C, 0x0F7F5, 0x0BA9E, 0x1D008, 0x111FA, 0x130E4, 0x01013, 0x0E056, 0x0E056, 0x01013, 0x130E4, 0x111FA, 0x1D008, 0x0BA9E, 0x0F7F5, 0x04F1C, 0x15CD2, 0x10205, 0x19300, 0x0892C, 0x0FFFF, 0x0892C, 0x19300, 0x10205, 0x15CD2, 0x04F1C, 0x0F7F5, 0x0BA9E, 0x1D008, 0x111FA, 0x130E4, 
	0x01013, 0x0E056, 0x0E056, 0x01013, 0x130E4, 0x111FA, 0x1D008, 0x0BA9E, 0x0F7F5, 0x04F1C, 0x15CD2, 0x10205, 0x19300, 0x0892C, 0x0FFFF, 0x0892C, 0x19300, 0x10205, 0x15CD2, 0x04F1C, 0x0F7F5, 0x0BA9E, 0x1D008, 0x111FA, 0x130E4, 0x01013, 0x0E056, 0x0E056, 0x01013, 0x130E4, 0x111FA, 0x1D008, 
	0x0BA9E, 0x0F7F5, 0x04F1C, 0x15CD2, 0x10205, 0x19300, 0x0892C, 0x0FFFF, 0x0892C, 0x19300, 0x10205, 0x15CD2, 0x04F1C, 0x0F7F5, 0x0BA9E, 0x1D008, 0x111FA, 0x130E4, 0x01013, 0x0E056, 0x0E056, 0x01013, 0x130E4, 0x111FA, 0x1D008, 0x0BA9E, 0x0F7F5, 0x04F1C, 0x15CD2, 0x10205, 0x19300, 0x0892C, 
	0x0FFFF, 0x0892C, 0x19300, 0x10205, 0x15CD2, 0x04F1C, 0x0F7F5, 0x0BA9E, 0x1D008, 0x111FA, 0x130E4, 0x01013, 0x0E056, 0x0E056, 0x01013, 0x130E4, 0x111FA, 0x1D008, 0x0BA9E, 0x0F7F5, 0x04F1C, 0x15CD2, 0x10205, 0x19300, 0x0892C, 0x0FFFF, 0x0892C, 0x19300, 0x10205, 0x15CD2, 0x04F1C, 0x0F7F5, 
	0x0BA9E, 0x1D008, 0x111FA, 0x130E4, 0x01013, 0x0E056, 0x0E056, 0x01013, 0x130E4, 0x111FA, 0x1D008, 0x0BA9E, 0x0F7F5, 0x04F1C, 0x15CD2, 0x10205, 0x19300, 0x0892C, 0x0FFFF, 0x0892C, 0x19300, 0x10205, 0x15CD2, 0x04F1C, 0x0F7F5, 0x0BA9E, 0x1D008, 0x111FA, 0x130E4, 0x01013, 0x0E056, 0x0E056, 
	0x01013, 0x130E4, 0x111FA, 0x1D008, 0x0BA9E, 0x0F7F5, 0x04F1C, 0x15CD2, 0x10205, 0x19300, 0x0892C, 0x0FFFF, 0x0892C, 0x19300, 0x10205, 0x15CD2, 0x04F1C, 0x0F7F5, 0x0BA9E, 0x1D008, 0x111FA, 0x130E4, 0x01013, 0x0E056, 0x0E056, 0x01013, 0x130E4, 0x111FA, 0x1D008, 0x0BA9E, 0x0F7F5, 0x04F1C, 
	0x15CD2, 0x10205, 0x19300, 0x0892C, 0x0FFFF, 0x0892C, 0x19300, 0x10205, 0x15CD2, 0x04F1C, 0x0F7F5, 0x0BA9E, 0x1D008, 0x111FA, 0x130E4, 0x01013, 0x0E056, 0x0E056, 0x01013, 0x130E4, 0x111FA, 0x1D008, 0x0BA9E, 0x0F7F5, 0x04F1C, 0x15CD2, 0x10205, 0x19300, 0x0892C, 0x0FFFF, 0x0892C, 0x19300, 
	0x10205, 0x15CD2, 0x04F1C, 0x0F7F5, 0x0BA9E, 0x1D008, 0x111FA, 0x130E4, 0x01013, 0x0E056, 0x0E056, 0x01013, 0x130E4, 0x111FA, 0x1D008, 0x0BA9E, 0x0F7F5, 0x04F1C, 0x15CD2, 0x10205, 0x19300, 0x0892C, 0x0FFFF, 0x0892C, 0x19300, 0x10205, 0x15CD2, 0x04F1C, 0x0F7F5, 0x0BA9E, 0x1D008, 0x111FA, 
	0x130E4, 0x01013, 0x0E056, 0x0E056, 0x01013, 0x130E4, 0x111FA, 0x1D008, 0x0BA9E, 0x0F7F5, 0x04F1C, 0x15CD2, 0x10205, 0x19300, 0x0892C, 0x0FFFF, 0x0892C, 0x19300, 0x10205, 0x15CD2, 0x04F1C, 0x0F7F5, 0x0BA9E, 0x1D008, 0x111FA, 0x130E4, 0x01013, 0x0E056, 0x0E056, 0x01013, 0x130E4, 0x111FA, 
	0x1D008, 0x0BA9E, 0x0F7F5, 0x04F1C, 0x15CD2, 0x10205, 0x19300, 0x0892C, 0x0FFFF, 0x0892C, 0x19300, 0x10205, 0x15CD2, 0x04F1C, 0x0F7F5, 0x0BA9E, 0x1D008, 0x111FA, 0x130E4, 0x01013, 0x0E056, 0x0E056, 0x01013, 0x130E4, 0x111FA, 0x1D008, 0x0BA9E, 0x0F7F5, 0x04F1C, 0x15CD2, 0x10205, 0x19300, 
	0x0892C, 0x0FFFF, 0x0892C, 0x19300, 0x10205, 0x15CD2, 0x04F1C, 0x0F7F5, 0x0BA9E, 0x1D008, 0x111FA, 0x130E4, 0x01013, 0x0E056, 0x0E056, 0x01013, 0x130E4, 0x111FA, 0x1D008, 0x0BA9E, 0x0F7F5, 0x04F1C, 0x15CD2, 0x10205, 0x19300, 0x0892C, 0x0FFFF, 0x0892C, 0x19300, 0x10205, 0x15CD2, 0x04F1C, 
	0x0F7F5, 0x0BA9E, 0x1D008, 0x111FA, 0x130E4, 0x01013, 0x0E056, 0x0E056, 0x01013, 0x130E4, 0x111FA, 0x1D008, 0x0BA9E, 0x0F7F5, 0x04F1C, 0x15CD2, 0x10205, 0x19300, 0x0892C, 0x0FFFF, 0x0892C, 0x19300, 0x10205, 0x15CD2, 0x04F1C, 0x0F7F5, 0x0BA9E, 0x1D008, 0x111FA, 0x130E4, 0x01013, 0x0E056, 
	0x0E056, 0x01013, 0x130E4, 0x111FA, 0x1D008, 0x0BA9E, 0x0F7F5, 0x04F1C, 0x15CD2, 0x10205, 0x19300, 0x0892C, 0x0FFFF, 0x0892C, 0x19300, 0x10205, 0x15CD2, 0x04F1C, 0x0F7F5, 0x0BA9E, 0x1D008, 0x111FA, 0x130E4, 0x01013, 0x0E056, 0x0E056, 0x01013, 0x130E4, 0x111FA, 0x1D008, 0x0BA9E, 0x0F7F5, 
	0x04F1C, 0x15CD2, 0x10205, 0x19300, 0x0892C, 0x0FFFF, 0x0892C, 0x19300, 0x10205, 0x15CD2, 0x04F1C, 0x0F7F5, 0x0BA9E, 0x1D008, 0x111FA, 0x130E4, 0x01013, 0x0E056, 0x0E056, 0x01013, 0x130E4, 0x111FA, 0x1D008, 0x0BA9E, 0x0F7F5, 0x04F1C, 0x15CD2, 0x10205, 0x19300, 0x0892C, 0x0FFFF, 0x0892C, 
	0x19300, 0x10205, 0x15CD2, 0x04F1C, 0x0F7F5, 0x0BA9E, 0x1D008, 0x111FA, 0x130E4, 0x01013, 0x0E056, 0x0E056, 0x01013, 0x130E4, 0x111FA, 0x1D008, 0x0BA9E, 0x0F7F5, 0x04F1C, 0x15CD2, 0x10205, 0x19300, 0x0892C, 0x0FFFF, 0x0892C, 0x19300, 0x10205, 0x15CD2, 0x04F1C, 0x0F7F5, 0x0BA9E, 0x1D008, 
	0x111FA, 0x130E4, 0x01013, 0x0E056, 0x0E056, 0x01013, 0x130E4, 0x111FA, 0x1D008, 0x0BA9E, 0x0F7F5, 0x04F1C, 0x15CD2, 0x10205, 0x19300, 0x0892C, 0x0FFFF, 0x0892C, 0x19300, 0x10205, 0x15CD2, 0x04F1C, 0x0F7F5, 0x0BA9E, 0x1D008, 0x111FA, 0x130E4, 0x01013, 0x0E056, 0x0E056, 0x01013, 0x130E4, 
	0x111FA, 0x1D008, 0x0BA9E, 0x0F7F5, 0x04F1C, 0x15CD2, 0x10205, 0x19300, 0x0892C, 0x0FFFF, 0x0892C, 0x19300, 0x10205, 0x15CD2, 0x04F1C, 0x0F7F5, 0x0BA9E, 0x1D008, 0x111FA, 0x130E4, 0x01013, 0x0E056, 0x0E056, 0x01013, 0x130E4, 0x111FA, 0x1D008, 0x0BA9E, 0x0F7F5, 0x04F1C, 0x15CD2, 0x10205, 
	0x19300, 0x0892C, 0x0FFFF, 0x0892C, 0x19300, 0x10205, 0x15CD2, 0x04F1C, 0x0F7F5, 0x0BA9E, 0x1D008, 0x111FA, 0x130E4, 0x01013, 0x0E056, 0x0E056, 0x01013, 0x130E4, 0x111FA, 0x1D008, 0x0BA9E, 0x0F7F5, 0x04F1C, 0x15CD2, 0x10205, 0x19300, 0x0892C, 0x0FFFF, 0x0892C, 0x19300, 0x10205, 0x15CD2, 
	0x04F1C, 0x0F7F5, 0x0BA9E, 0x1D008, 0x111FA, 0x130E4, 0x01013, 0x0E056, 0x0E056, 0x01013, 0x130E4, 0x111FA, 0x1D008, 0x0BA9E, 0x0F7F5, 0x04F1C, 0x15CD2, 0x10205, 0x19300, 0x0892C, 0x0FFFF, 0x0892C, 0x19300, 0x10205, 0x15CD2, 0x04F1C, 0x0F7F5, 0x0BA9E, 0x1D008, 0x111FA, 0x130E4, 0x01013, 
	0x0E056, 0x0E056, 0x01013, 0x130E4, 0x111FA, 0x1D008, 0x0BA9E, 0x0F7F5, 0x04F1C, 0x15CD2, 0x10205, 0x19300, 0x0892C, 0x0FFFF, 0x0892C, 0x19300, 0x10205, 0x15CD2, 0x04F1C, 0x0F7F5, 0x0BA9E, 0x1D008, 0x111FA, 0x130E4, 0x01013, 0x0E056, 0x0E056, 0x01013, 0x130E4, 0x111FA, 0x1D008, 0x0BA9E, 
	0x0F7F5, 0x04F1C, 0x15CD2, 0x10205, 0x19300, 0x0892C, 0x0FFFF, 0x0892C, 0x19300, 0x10205, 0x15CD2, 0x04F1C, 0x0F7F5, 0x0BA9E, 0x1D008, 0x111FA, 0x130E4, 0x01013, 0x0E056, 0x0E056, 0x01013, 0x130E4, 0x111FA, 0x1D008, 0x0BA9E, 0x0F7F5, 0x04F1C, 0x15CD2, 0x10205, 0x19300, 0x0892C, 0x0FFFF, 
	0x0892C, 0x19300, 0x10205, 0x15CD2, 0x04F1C, 0x0F7F5, 0x0BA9E, 0x1D008, 0x111FA, 0x130E4, 0x01013, 0x0E056, 0x0E056, 0x01013, 0x130E4, 0x111FA, 0x1D008, 0x0BA9E, 0x0F7F5, 0x04F1C, 0x15CD2, 0x10205, 0x19300, 0x0892C, 0x0FFFF, 0x0892C, 0x19300, 0x10205, 0x15CD2, 0x04F1C, 0x0F7F5, 0x0BA9E, 
	0x1D008, 0x111FA, 0x130E4, 0x01013, 0x0E056, 0x0E056, 0x01013, 0x130E4, 0x111FA, 0x1D008, 0x0BA9E, 0x0F7F5, 0x04F1C, 0x15CD2, 0x10205, 0x19300, 0x0892C, 0x0FFFF, 0x0892C, 0x19300, 0x10205, 0x15CD2, 0x04F1C, 0x0F7F5, 0x0BA9E, 0x1D008, 0x111FA, 0x130E4, 0x01013, 0x0E056, 0x0E056, 0x01013, 
	0x130E4, 0x111FA, 0x1D008, 0x0BA9E, 0x0F7F5, 0x04F1C, 0x15CD2, 0x10205, 0x19300, 0x0892C, 0x0FFFF, 0x0892C, 0x19300, 0x10205, 0x15CD2, 0x04F1C, 0x0F7F5, 0x0BA9E, 0x1D008, 0x111FA, 0x130E4, 0x01013, 0x0E056, 0x0E056, 0x01013, 0x130E4, 0x111FA, 0x1D008, 0x0BA9E, 0x0F7F5, 0x04F1C, 0x15CD2, 
	0x10205, 0x19300, 0x0892C, 0x0FFFF, 0x0892C, 0x19300, 0x10205, 0x15CD2, 0x04F1C, 0x0F7F5, 0x0BA9E, 0x1D008, 0x111FA, 0x130E4, 0x01013, 0x0E056, 0x0E056, 0x01013, 0x130E4, 0x111FA, 0x1D008, 0x0BA9E, 0x0F7F5, 0x04F1C, 0x15CD2, 0x10205, 0x19300, 0x0892C, 0x0FFFF, 0x0892C, 0x19300, 0x10205, 
	0x15CD2, 0x04F1C, 0x0F7F5, 0x0BA9E, 0x1D008, 0x111FA, 0x130E4, 0x01013, 0x0E056, 0x0E056, 0x01013, 0x130E4, 0x111FA, 0x1D008, 0x0BA9E, 0x0F7F5, 0x04F1C, 0x15CD2, 0x10205, 0x19300, 0x0892C, 0x0FFFF, 0x0892C, 0x19300, 0x10205, 0x15CD2, 0x04F1C, 0x0F7F5, 0x0BA9E, 0x1D008, 0x111FA, 0x130E4, 
	0x01013, 0x0E056, 0x0E056, 0x01013, 0x130E4, 0x111FA, 0x1D008, 0x0BA9E, 0x0F7F5, 0x04F1C, 0x15CD2, 0x10205, 0x19300, 0x0892C, 0x0FFFF, 0x0892C, 0x19300, 0x10205, 0x15CD2, 0x04F1C, 0x0F7F5, 0x0BA9E, 0x1D008, 0x111FA, 0x130E4, 0x01013, 0x0E056, 0x0E056, 0x01013, 0x130E4, 0x111FA, 0x1D008, 
	0x0BA9E, 0x0F7F5, 0x04F1C, 0x15CD2, 0x10205, 0x19300, 0x0892C, 0x0FFFF, 0x0892C, 0x19300, 0x10205, 0x15CD2, 0x04F1C, 0x0F7F5, 0x0BA9E, 0x1D008, 0x111FA, 0x130E4, 0x01013, 0x0E056, 0x0E056, 0x01013, 0x130E4, 0x111FA, 0x1D008, 0x0BA9E, 0x0F7F5, 0x04F1C, 0x15CD2, 0x10205, 0x19300, 0x0892C, 
	0x0FFFF, 0x0892C, 0x19300, 0x10205, 0x15CD2, 0x04F1C, 0x0F7F5, 0x0BA9E, 0x1D008, 0x111FA, 0x130E4, 0x01013, 0x0E056, 0x0E056, 0x01013, 0x130E4, 0x111FA, 0x1D008, 0x0BA9E, 0x0F7F5, 0x04F1C, 0x15CD2, 0x10205, 0x19300, 0x0892C, 0x0FFFF, 0x0892C, 0x19300, 0x10205, 0x15CD2, 0x04F1C, 0x0F7F5, 
	0x0BA9E, 0x1D008, 0x111FA, 0x130E4, 0x01013, 0x0E056, 0x0E056, 0x01013, 0x130E4, 0x111FA, 0x1D008, 0x0BA9E, 0x0F7F5, 0x04F1C, 0x15CD2, 0x10205, 0x19300, 0x0892C, 0x0FFFF, 0x0892C, 0x19300, 0x10205, 0x15CD2, 0x04F1C, 0x0F7F5, 0x0BA9E, 0x1D008, 0x111FA, 0x130E4, 0x01013, 0x0E056, 0x0E056, 
	0x01013, 0x130E4, 0x111FA, 0x1D008, 0x0BA9E, 0x0F7F5, 0x04F1C, 0x15CD2, 0x10205, 0x19300, 0x0892C, 0x0FFFF, 0x0892C, 0x19300, 0x10205, 0x15CD2, 0x04F1C, 0x0F7F5, 0x0BA9E, 0x1D008, 0x111FA, 0x130E4, 0x01013, 0x0E056, 0x0E056, 0x01013, 0x130E4, 0x111FA, 0x1D008, 0x0BA9E, 0x0F7F5, 0x04F1C, 
	0x15CD2, 0x10205, 0x19300, 0x0892C, 0x0FFFF, 0x0892C, 0x19300, 0x10205, 0x15CD2, 0x04F1C, 0x0F7F5, 0x0BA9E, 0x1D008, 0x111FA, 0x130E4, 0x01013, 0x0E056, 0x0E056, 0x01013, 0x130E4, 0x111FA, 0x1D008, 0x0BA9E, 0x0F7F5, 0x04F1C, 0x15CD2, 0x10205, 0x19300, 0x0892C, 0x0FFFF, 0x0892C, 0x19300, 
	0x10205, 0x15CD2, 0x04F1C, 0x0F7F5, 0x0BA9E, 0x1D008, 0x111FA, 0x130E4, 0x01013, 0x0E056, 0x0E056, 0x01013, 0x130E4, 0x111FA, 0x1D008, 0x0BA9E, 0x0F7F5, 0x04F1C, 0x15CD2, 0x10205, 0x19300, 0x0892C, 0x0FFFF, 0x0892C, 0x19300, 0x10205, 0x15CD2, 0x04F1C, 0x0F7F5, 0x0BA9E, 0x1D008, 0x111FA, 
	0x130E4, 0x01013, 0x0E056, 0x0E056, 0x01013, 0x130E4, 0x111FA, 0x1D008, 0x0BA9E, 0x0F7F5, 0x04F1C, 0x15CD2, 0x10205, 0x19300, 0x0892C, 0x0FFFF, 0x0892C, 0x19300, 0x10205, 0x15CD2, 0x04F1C, 0x0F7F5, 0x0BA9E, 0x1D008, 0x111FA, 0x130E4, 0x01013, 0x0E056, 0x0E056, 0x01013, 0x130E4, 0x111FA, 
	0x1D008, 0x0BA9E, 0x0F7F5, 0x04F1C, 0x15CD2, 0x10205, 0x19300, 0x0892C, 0x0FFFF, 0x0892C, 0x19300, 0x10205, 0x15CD2, 0x04F1C, 0x0F7F5, 0x0BA9E, 0x1D008, 0x111FA, 0x130E4, 0x01013, 0x0E056, 0x0E056, 0x01013, 0x130E4, 0x111FA, 0x1D008, 0x0BA9E, 0x0F7F5, 0x04F1C, 0x15CD2, 0x10205, 0x19300, 
	0x0892C, 0x0FFFF, 0x0892C, 0x19300, 0x10205, 0x15CD2, 0x04F1C, 0x0F7F5, 0x0BA9E, 0x1D008, 0x111FA, 0x130E4, 0x01013, 0x0E056, 0x0E056, 0x01013, 0x130E4, 0x111FA, 0x1D008, 0x0BA9E, 0x0F7F5, 0x04F1C, 0x15CD2, 0x10205, 0x19300, 0x0892C, 0x0FFFF, 0x0892C, 0x19300, 0x10205, 0x15CD2, 0x04F1C, 
	0x0F7F5, 0x0BA9E, 0x1D008, 0x111FA, 0x130E4, 0x01013, 0x0E056, 0x0E056, 0x01013, 0x130E4, 0x111FA, 0x1D008, 0x0BA9E, 0x0F7F5, 0x04F1C, 0x15CD2, 0x10205, 0x19300, 0x0892C, 0x0FFFF, 0x0892C, 0x19300, 0x10205, 0x15CD2, 0x04F1C, 0x0F7F5, 0x0BA9E, 0x1D008, 0x111FA, 0x130E4, 0x01013, 0x0E056, 
	0x0E056, 0x01013, 0x130E4, 0x111FA, 0x1D008, 0x0BA9E, 0x0F7F5, 0x04F1C, 0x15CD2, 0x10205, 0x19300, 0x0892C, 0x0FFFF, 0x0892C, 0x19300, 0x10205, 0x15CD2, 0x04F1C, 0x0F7F5, 0x0BA9E, 0x1D008, 0x111FA, 0x130E4, 0x01013, 0x0E056, 0x0E056, 0x01013, 0x130E4, 0x111FA, 0x1D008, 0x0BA9E, 0x0F7F5, 
	0x04F1C, 0x15CD2, 0x10205, 0x19300, 0x0892C, 0x0FFFF, 0x0892C, 0x19300, 0x10205, 0x15CD2, 0x04F1C, 0x0F7F5, 0x0BA9E, 0x1D008, 0x111FA, 0x130E4, 0x01013, 0x0E056, 0x0E056, 0x01013, 0x130E4, 0x111FA, 0x1D008, 0x0BA9E, 0x0F7F5, 0x04F1C, 0x15CD2, 0x10205, 0x19300, 0x0892C, 0x0FFFF, 0x0892C, 
	0x19300, 0x10205, 0x15CD2, 0x04F1C, 0x0F7F5, 0x0BA9E, 0x1D008, 0x111FA, 0x130E4, 0x01013, 0x0E056, 0x0E056, 0x01013, 0x130E4, 0x111FA, 0x1D008, 0x0BA9E, 0x0F7F5, 0x04F1C, 0x15CD2, 0x10205, 0x19300, 0x0892C, 0x0FFFF, 0x0892C, 0x19300, 0x10205, 0x15CD2, 0x04F1C, 0x0F7F5, 0x0BA9E, 0x1D008, 
	0x111FA, 0x130E4, 0x01013, 0x0E056, 0x0E056, 0x01013, 0x130E4, 0x111FA, 0x1D008, 0x0BA9E, 0x0F7F5, 0x04F1C, 0x15CD2, 0x10205, 0x19300, 0x0892C, 0x0FFFF, 0x0892C, 0x19300, 0x10205, 0x15CD2, 0x04F1C, 0x0F7F5, 0x0BA9E, 0x1D008, 0x111FA, 0x130E4, 0x01013, 0x0E056, 0x0E056, 0x01013, 0x130E4, 
	0x111FA, 0x1D008, 0x0BA9E, 0x0F7F5, 0x04F1C, 0x15CD2, 0x10205, 0x19300, 0x0892C, 0x0FFFF, 0x0892C, 0x19300, 0x10205, 0x15CD2, 0x04F1C, 0x0F7F5, 0x0BA9E, 0x1D008, 0x111FA, 0x130E4, 0x01013, 0x0E056, 0x0E056, 0x01013, 0x130E4, 0x111FA, 0x1D008, 0x0BA9E, 0x0F7F5, 0x04F1C, 0x15CD2, 0x10205, 
	0x19300, 0x0892C, 0x0FFFF, 0x0892C, 0x19300, 0x10205, 0x15CD2, 0x04F1C, 0x0F7F5, 0x0BA9E, 0x1D008, 0x111FA, 0x130E4, 0x01013, 0x0E056, 0x0E056, 0x01013, 0x130E4, 0x111FA, 0x1D008, 0x0BA9E, 0x0F7F5, 0x04F1C, 0x15CD2, 0x10205, 0x19300, 0x0892C, 0x0FFFF, 0x0892C, 0x19300, 0x10205, 0x15CD2, 
	0x04F1C, 0x0F7F5, 0x0BA9E, 0x1D008, 0x111FA, 0x130E4, 0x01013, 0x0E056, 0x0E056, 0x01013, 0x130E4, 0x111FA, 0x1D008, 0x0BA9E, 0x0F7F5, 0x04F1C, 0x15CD2, 0x10205, 0x19300, 0x0892C, 0x0FFFF, 0x0892C, 0x19300, 0x10205, 0x15CD2, 0x04F1C, 0x0F7F5, 0x0BA9E, 0x1D008, 0x111FA, 0x130E4, 0x01013, 
	0x0E056, 0x0E056, 0x01013, 0x130E4, 0x111FA, 0x1D008, 0x0BA9E, 0x0F7F5, 0x04F1C, 0x15CD2, 0x10205, 0x19300, 0x0892C, 0x0FFFF, 0x0892C, 0x19300, 0x10205, 0x15CD2, 0x04F1C, 0x0F7F5, 0x0BA9E, 0x1D008, 0x111FA, 0x130E4, 0x01013, 0x0E056, 0x0E056, 0x01013, 0x130E4, 0x111FA, 0x1D008, 0x0BA9E, 
	0x0F7F5, 0x04F1C, 0x15CD2, 0x10205, 0x19300, 0x0892C, 0x0FFFF, 0x0892C, 0x19300, 0x10205, 0x15CD2, 0x04F1C, 0x0F7F5, 0x0BA9E, 0x1D008, 0x111FA, 0x130E4, 0x01013, 0x0E056, 0x0E056, 0x01013, 0x130E4, 0x111FA, 0x1D008, 0x0BA9E, 0x0F7F5, 0x04F1C, 0x15CD2, 0x10205, 0x19300, 0x0892C, 0x0FFFF, 
	0x0892C, 0x19300, 0x10205, 0x15CD2, 0x04F1C, 0x0F7F5, 0x0BA9E, 0x1D008, 0x111FA, 0x130E4, 0x01013, 0x0E056, 0x0E056, 0x01013, 0x130E4, 0x111FA, 0x1D008, 0x0BA9E, 0x0F7F5, 0x04F1C, 0x15CD2, 0x10205, 0x19300, 0x0892C, 0x0FFFF, 0x0892C, 0x19300, 0x10205, 0x15CD2, 0x04F1C, 0x0F7F5, 0x0BA9E, 
	0x1D008, 0x111FA, 0x130E4, 0x01013, 0x0E056, 0x0E056, 0x01013, 0x130E4, 0x111FA, 0x1D008, 0x0BA9E, 0x0F7F5, 0x04F1C, 0x15CD2, 0x10205, 0x19300, 0x0892C, 0x0FFFF, 0x0892C, 0x19300, 0x10205, 0x15CD2, 0x04F1C, 0x0F7F5, 0x0BA9E, 0x1D008, 0x111FA, 0x130E4, 0x01013, 0x0E056, 0x0E056, 0x01013, 
	0x130E4, 0x111FA, 0x1D008, 0x0BA9E, 0x0F7F5, 0x04F1C, 0x15CD2, 0x10205, 0x19300, 0x0892C, 0x0FFFF, 0x0892C, 0x19300, 0x10205, 0x15CD2, 0x04F1C, 0x0F7F5, 0x0BA9E, 0x1D008, 0x111FA, 0x130E4, 0x01013, 0x0E056, 0x0E056, 0x01013, 0x130E4, 0x111FA, 0x1D008, 0x0BA9E, 0x0F7F5, 0x04F1C, 0x15CD2, 
	0x10205, 0x19300, 0x0892C, 0x0FFFF, 0x0892C, 0x19300, 0x10205, 0x15CD2, 0x04F1C, 0x0F7F5, 0x0BA9E, 0x1D008, 0x111FA, 0x130E4, 0x01013, 0x0E056, 0x0E056, 0x01013, 0x130E4, 0x111FA, 0x1D008, 0x0BA9E, 0x0F7F5, 0x04F1C, 0x15CD2, 0x10205, 0x19300, 0x0892C, 0x0FFFF, 0x0892C, 0x19300, 0x10205, 
	0x15CD2, 0x04F1C, 0x0F7F5, 0x0BA9E, 0x1D008, 0x111FA, 0x130E4, 0x01013, 0x0E056, 0x0E056, 0x01013, 0x130E4, 0x111FA, 0x1D008, 0x0BA9E, 0x0F7F5, 0x04F1C, 0x15CD2, 0x10205, 0x19300, 0x0892C, 0x0FFFF, 0x0892C, 0x19300, 0x10205, 0x15CD2, 0x04F1C, 0x0F7F5, 0x0BA9E, 0x1D008, 0x111FA, 0x130E4, 
	0x01013, 0x0E056, 0x0E056, 0x01013, 0x130E4, 0x111FA, 0x1D008, 0x0BA9E, 0x0F7F5, 0x04F1C, 0x15CD2, 0x10205, 0x19300, 0x0892C, 0x0FFFF, 0x0892C, 0x19300, 0x10205, 0x15CD2, 0x04F1C, 0x0F7F5, 0x0BA9E, 0x1D008, 0x111FA, 0x130E4, 0x01013, 0x0E056, 0x0E056, 0x01013, 0x130E4, 0x111FA, 0x1D008, 
	0x0BA9E, 0x0F7F5, 0x04F1C, 0x15CD2, 0x10205, 0x19300, 0x0892C, 0x0FFFF, 0x0892C, 0x19300, 0x10205, 0x15CD2, 0x04F1C, 0x0F7F5, 0x0BA9E, 0x1D008, 0x111FA, 0x130E4, 0x01013, 0x0E056, 0x0E056, 0x01013, 0x130E4, 0x111FA, 0x1D008, 0x0BA9E, 0x0F7F5, 0x04F1C, 0x15CD2, 0x10205, 0x19300, 0x0892C, 
	0x0FFFF, 0x0892C, 0x19300, 0x10205, 0x15CD2, 0x04F1C, 0x0F7F5, 0x0BA9E, 0x1D008, 0x111FA, 0x130E4, 0x01013, 0x0E056, 0x0E056, 0x01013, 0x130E4, 0x111FA, 0x1D008, 0x0BA9E, 0x0F7F5, 0x04F1C, 0x15CD2, 0x10205, 0x19300, 0x0892C, 0x0FFFF, 0x0892C, 0x19300, 0x10205, 0x15CD2, 0x04F1C, 0x0F7F5, 
	0x0BA9E, 0x1D008, 0x111FA, 0x130E4, 0x01013, 0x0E056, 0x0E056, 0x01013, 0x130E4, 0x111FA, 0x1D008, 0x0BA9E, 0x0F7F5, 0x04F1C, 0x15CD2, 0x10205, 0x19300, 0x0892C, 0x0FFFF, 0x0892C, 0x19300, 0x10205, 0x15CD2, 0x04F1C, 0x0F7F5, 0x0BA9E, 0x1D008, 0x111FA, 0x130E4, 0x01013, 0x0E056, 0x0E056, 
	0x01013, 0x130E4, 0x111FA, 0x1D008, 0x0BA9E, 0x0F7F5, 0x04F1C, 0x15CD2, 0x10205, 0x19300, 0x0892C, 0x0FFFF, 0x0892C, 0x19300, 0x10205, 0x15CD2, 0x04F1C, 0x0F7F5, 0x0BA9E, 0x1D008, 0x111FA, 0x130E4, 0x01013, 0x0E056, 0x0E056, 0x01013, 0x130E4, 0x111FA, 0x1D008, 0x0BA9E, 0x0F7F5, 0x04F1C, 
	0x15CD2, 0x10205, 0x19300, 0x0892C, 0x0FFFF, 0x0892C, 0x19300, 0x10205, 0x15CD2, 0x04F1C, 0x0F7F5, 0x0BA9E, 0x1D008, 0x111FA, 0x130E4, 0x01013, 0x0E056, 0x0E056, 0x01013, 0x130E4, 0x111FA, 0x1D008, 0x0BA9E, 0x0F7F5, 0x04F1C, 0x15CD2, 0x10205, 0x19300, 0x0892C, 0x0FFFF, 0x0892C, 0x19300, 
	0x10205, 0x15CD2, 0x04F1C, 0x0F7F5, 0x0BA9E, 0x1D008, 0x111FA, 0x130E4, 0x01013, 0x0E056, 0x0E056, 0x01013, 0x130E4, 0x111FA, 0x1D008, 0x0BA9E, 0x0F7F5, 0x04F1C, 0x15CD2, 0x10205, 0x19300, 0x0892C, 0x0FFFF, 0x0892C, 0x19300, 0x10205, 0x15CD2, 0x04F1C, 0x0F7F5, 0x0BA9E, 0x1D008, 0x111FA, 
	0x130E4, 0x01013, 0x0E056, 0x0E056, 0x01013, 0x130E4, 0x111FA, 0x1D008, 0x0BA9E, 0x0F7F5, 0x04F1C, 0x15CD2, 0x10205, 0x19300, 0x0892C, 0x0FFFF, 0x0892C, 0x19300, 0x10205, 0x15CD2, 0x04F1C, 0x0F7F5, 0x0BA9E, 0x1D008, 0x111FA, 0x130E4, 0x01013, 0x0E056, 0x0E056, 0x01013, 0x130E4, 0x111FA, 
};
